"ensembl","baseMean","log2FoldChange","lfcSE","stat","pvalue","padj","lfc_shrunk","symbol","entrez","direction"
"ENSG00000152583",997.961168152844,4.57094408471122,0.184243769011983,24.8092193794295,7.12966819936154e-136,5.64170644615479e-132,4.55567570546447,"SPARCL1","8404","Up"
"ENSG00000165995",495.567498008168,3.28708297836397,0.132452263884142,24.817114347243,5.859406932808e-136,5.64170644615479e-132,3.27645637102523,"CACNB2","783","Up"
"ENSG00000120129",3411.96609646938,2.9438588011006,0.122144541725593,24.1014355575069,2.41455981068883e-128,1.27376078546538e-124,2.93513703986652,"DUSP1","1843","Up"
"ENSG00000101347",12712.9456127058,3.76302126713018,0.156437725843623,24.0544360181491,7.50158392097175e-128,2.96800167833247e-124,3.75449263696209,"SAMHD1","25939","Up"
"ENSG00000189221",2343.57334924977,3.34972140049349,0.142214107765213,23.5540724695449,1.14034618728941e-122,3.60942375200845e-119,3.33735274919654,"MAOA","4128","Up"
"ENSG00000211445",12298.1966308959,3.726414633802,0.167218607340242,22.2846888457803,5.20170746743699e-110,1.37203703966096e-106,3.7115583731081,"GPX3","2878","Up"
"ENSG00000157214",3012.85797715233,1.97278303914428,0.0908848225890436,21.7064079892048,1.78472736418236e-104,4.03501360936428e-101,1.96364691794268,"STEAP2","261729","Up"
"ENSG00000162614",5399.1359732014,2.03169667876447,0.0957448086469587,21.2199147658854,6.25372868122236e-100,1.23714387636281e-96,2.02292653417146,"NEXN","91624","Up"
"ENSG00000125148",3659.69602097282,2.20700616383474,0.106915161584271,20.6425929786879,1.13791224766628e-94,2.00095547017407e-91,2.19681786596516,"MT2A","4502","Up"
"ENSG00000154734",30345.8486135559,2.34163202286707,0.117536252818796,19.9226363501407,2.58989385487875e-88,4.0987660147311e-85,2.33030640278657,"ADAMTS1","9510","Up"
"ENSG00000139132",1224.56793655509,2.22490736781946,0.112894666961691,19.7078163893645,1.84769623672944e-86,2.65833096749819e-83,2.21295402993369,"FGD4","121512","Up"
"ENSG00000162493",1100.78296680739,1.88728910063178,0.0962143367549357,19.6154665124267,1.14085460425493e-85,1.50459708057821e-82,1.87849932552115,"PDPN","10630","Up"
"ENSG00000162692",509.657746953338,-3.69626460053918,0.18972040434859,-19.4826940899182,1.53960821273659e-84,1.86495742601361e-81,-3.67795059148641,"VCAM1","7412","Down"
"ENSG00000179094",777.098912422347,3.18777468184615,0.163650557783232,19.4791556168639,1.64977909542466e-84,1.86495742601361e-81,3.17114099886182,"PER1","5187","Up"
"ENSG00000134243",5516.90297696829,2.19171668753596,0.112768929565595,19.4354659211436,3.86885690410495e-84,4.08190195762433e-81,2.18050598694842,"SORT1","6272","Up"
"ENSG00000163884",561.414367977579,4.45533427835306,0.233993884793046,19.0403876677954,7.8941181433211e-81,7.80826960851248e-78,4.42911446361874,"KLF15","28999","Up"
"ENSG00000178695",2657.21826213722,-2.53221517058977,0.135727447784354,-18.6566181853872,1.11572694705377e-77,1.03867615671017e-74,-2.51580031298824,"KCTD12","115207","Down"
"ENSG00000148848",1368.66954436033,-1.81844407263188,0.100759315873018,-18.0474039236588,8.26870069253365e-73,7.27002539777986e-70,-1.80740598779852,"ADAM12","8038","Down"
"ENSG00000146250",314.669754976266,-2.76008188927873,0.153403273383598,-17.9923272065838,2.23760307019534e-72,1.86380558889008e-69,-2.7436406110908,"PRSS35","167681","Down"
"ENSG00000198624",2059.02790703009,2.91447636180104,0.162432022599221,17.9427450028872,5.46857449712066e-72,4.32728299957158e-69,2.89519763786256,"CCDC69","26112","Up"
"ENSG00000107562",25196.5455384324,-1.91564377035043,0.10694643904277,-17.9121791010201,9.47523500084064e-72,7.14071757730019e-69,-1.90300323757812,"CXCL12","6387","Down"
"ENSG00000106976",887.017039305159,-1.76025769018932,0.0998433912143425,-17.6301873241707,1.44487543699751e-69,1.03939084845103e-66,-1.74971994151646,"DNM1","1759","Down"
"ENSG00000154930",670.832739210563,1.89449148586151,0.108583854572085,17.4472668457705,3.6110307081125e-68,2.48470312985167e-65,1.88292069530566,"ACSS1","84532","Up"
"ENSG00000163394",1220.86779388423,-2.19269346514391,0.126075183507274,-17.3919514066573,9.49458326697501e-68,6.26088644929777e-65,-2.17846207510831,"CCKAR","886","Down"
"ENSG00000253368",1041.3062377714,1.98507692123837,0.115045630948931,17.2546919414919,1.03170484211343e-66,6.53110433251485e-64,1.97141899523088,"TRNP1","388610","Up"
"ENSG00000163661",8574.29391846598,2.25629283070057,0.131815440765941,17.1170601682923,1.1072785565158e-65,6.73991939823812e-63,2.24129090314009,"PTX3","5806","Up"
"ENSG00000162616",1469.49979755538,1.51515710174451,0.0885927806818281,17.1024895040381,1.42198234594759e-65,8.3349231877654e-63,1.50526673942545,"DNAJB4","11080","Up"
"ENSG00000124766",1284.80133428659,-2.41604836537425,0.141446973425847,-17.0809477704439,2.05749462703148e-65,1.16292535597858e-62,-2.39790573827095,"SOX4","6659","Down"
"ENSG00000197381",1970.97960837363,2.3170887380107,0.136245501090049,17.0067174289979,7.32273828966239e-65,3.99619504042059e-62,2.30200048539159,"ADARB1","104","Up"
"ENSG00000148175",11206.9334791584,1.44389959510396,0.0855087016148661,16.8859960195318,5.7045398055173e-64,3.00933489873723e-61,1.4345775513657,"STOM","2040","Up"
"ENSG00000116285",3235.76308757943,2.42055982450332,0.144812458974945,16.7151351592069,1.016891508642e-62,5.19139516637685e-60,2.40394286902513,"ERRFI1","54206","Up"
"ENSG00000172403",8023.95226932514,1.74040338038792,0.104165864244033,16.7080011577556,1.14613415056037e-62,5.66834970836515e-60,1.73118960308605,"SYNPO2","171024","Up"
"ENSG00000163083",419.092237259968,3.44625811231149,0.207965315558862,16.5713119182899,1.12347660927393e-61,5.38792146011187e-59,3.41971366195192,"INHBB","3625","Up"
"ENSG00000166741",7439.86238571723,2.18341972871718,0.135380599188733,16.1280105258899,1.62160518859288e-58,7.54809521019735e-56,2.16922233848238,"NNMT","4837","Up"
"ENSG00000105989",334.419775095649,-3.04658993632707,0.189710929476548,-16.0591165977271,4.93530135368771e-58,2.23160226352748e-55,-3.02253237536487,"WNT2","7472","Down"
"ENSG00000070404",2130.30251692001,1.81150880571517,0.114204695203507,15.8619468532985,1.16234103319718e-56,5.10978033093847e-54,1.7987384078825,"FSTL3","10272","Up"
"ENSG00000122035",944.377660726553,2.2849109586211,0.14459167936835,15.8025065384312,2.98988121612941e-56,1.27886108449903e-53,2.26531522215657,"RASL11A","387496","Up"
"ENSG00000119139",5036.04768030671,1.92396974622637,0.122875001731454,15.6579427801861,2.93229792082512e-55,1.22122491828891e-52,1.9080997240105,"TJP2","9414","Up"
"ENSG00000136478",3706.26471911544,1.46182135822194,0.0940350606157835,15.5454928050163,1.70704465352455e-54,6.92709966325116e-52,1.45090602662496,"TEX2","55852","Up"
"ENSG00000172986",758.359345202166,-1.57688000813506,0.104008299915388,-15.1610978106351,6.39907286671354e-52,2.53179317971521e-49,-1.56583912329316,"GXYLT2","727936","Down"
"ENSG00000196569",17195.8341763239,2.02666032377907,0.133829559151257,15.1435926161013,8.35235298899046e-52,3.22400825375032e-49,2.00860252652832,"LAMA2","3908","Up"
"ENSG00000221866",847.835439461576,2.74927499769759,0.181608376666063,15.1384812097786,9.02745048696785e-52,3.40162931920841e-49,2.72303995036082,"PLXNA4","91584","Up"
"ENSG00000060718",364.275806006126,2.4231744221607,0.160101047472321,15.1352815013882,9.47742992475502e-52,3.48813502300402e-49,2.40207407007697,"COL11A1","1301","Up"
"ENSG00000157150",167.720474430608,2.94102748437494,0.194340893467424,15.1333434353482,9.7607714058787e-52,3.51077200612355e-49,2.91549881167872,"TIMP4","7079","Up"
"ENSG00000099337",530.509057577995,2.71442266208028,0.180476917215625,15.0402760860394,3.998788709489e-51,1.40632955814162e-48,2.69105548378792,"KCNK6","9424","Up"
"ENSG00000100242",2238.64909413392,1.85506014734306,0.123466790280603,15.0247701679703,5.05363164544599e-51,1.73866900914844e-48,1.83909520290516,"SUN2","25777","Up"
"ENSG00000145685",2022.83906876556,-1.24389925967773,0.0828784497573828,-15.0087177465204,6.43802564636e-51,2.16783391232539e-48,-1.23404570725417,"LHFPL2","10184","Down"
"ENSG00000126803",449.543666398575,2.45501038613806,0.163629271094432,15.0034915496339,6.96565760573489e-51,2.29663535975751e-48,2.43375947633469,"HSPA2","3306","Up"
"ENSG00000108821",101233.481481555,-1.308921732123,0.0873704917984927,-14.9812792074221,9.73255731348033e-51,3.1434173886355e-48,-1.31044041312403,"COL1A1","1277","Down"
"ENSG00000134686",2741.36146833917,1.38358783837499,0.0924433335891417,14.9668752159486,1.20868333055643e-50,3.82572447787721e-48,1.37247910673926,"PHC2","1912","Up"
"ENSG00000138316",801.69546542358,-2.51116926546589,0.169183133984808,-14.8429054736117,7.73326544499966e-50,2.39973841044244e-47,-2.49048475058867,"ADAMTS14","140766","Down"
"ENSG00000168309",159.749873951273,4.82880990026703,0.327778094465529,14.7319481740866,4.01949180355522e-49,1.22331687082817e-46,4.78452698013245,"FAM107A","11170","Up"
"ENSG00000102804",5404.79313508362,1.19742462365966,0.0812882287377307,14.7306029698721,4.10030985390836e-49,1.22436799524441e-46,1.18728872322132,"TSC22D1","8848","Up"
"ENSG00000124440",197.229454662814,2.52599154410393,0.171619226416717,14.7185813433889,4.89828508272109e-49,1.43556036516933e-46,2.50342304152843,"HIF3A","64344","Up"
"ENSG00000131389",742.538013824024,-2.12886680510053,0.145311691979089,-14.6503476499804,1.34028174770661e-48,3.78773195342944e-46,-2.10935696613154,"SLC6A6","6533","Down"
"ENSG00000133142",3059.99655459545,1.53511718630517,0.104777348936394,14.6512314148841,1.32296076041955e-48,3.78773195342944e-46,1.5177292349352,"TCEAL4","79921","Up"
"ENSG00000103742",371.632596951659,-2.20081424876142,0.151072393816983,-14.5679445010158,4.49204639058141e-48,1.24721273995336e-45,-2.18053982120816,"IGDCC4","57722","Down"
"ENSG00000103196",3085.02220810875,2.62727969820149,0.180569672374637,14.5499499647457,5.84457832774255e-48,1.59476373473886e-45,2.60201727189965,"CRISPLD2","83716","Up"
"ENSG00000163171",1359.56836224781,1.50165532540257,0.103501328642453,14.5085608571274,1.06940730786306e-47,2.86854916173573e-45,1.48848907838074,"CDC42EP3","10602","Up"
"ENSG00000141401",628.209010546647,2.32291695987737,0.160178316448253,14.5020687655174,1.17552848326116e-47,3.10065229601519e-45,2.30208194641279,"IMPA2","3613","Up"
"ENSG00000152268",1599.23075717102,1.90904669104919,0.131719378165498,14.4932865432342,1.3359461709007e-47,3.4660137869958e-45,1.89281929183353,NA,NA,"Up"
"ENSG00000112837",2762.00197621312,-1.83757393022015,0.128672306664637,-14.2810366725568,2.87295650728301e-46,7.33345317488079e-44,-1.82131596559607,"TBX18","9096","Down"
"ENSG00000164647",1923.10027992604,1.56342262859266,0.110540151712946,14.1434818422595,2.04890722503241e-45,5.14698503862904e-43,1.54883375598283,"STEAP1","26872","Up"
"ENSG00000068383",1249.04745116525,1.37709084018118,0.0975041600860472,14.1234060061222,2.72496031575634e-45,6.73831593080622e-43,1.36457872197366,"INPP5A","3632","Up"
"ENSG00000156675",1633.92737047472,1.54327635745263,0.109765716191876,14.0597302235509,6.71416724371391e-45,1.63474478152333e-42,1.52974613461212,"RAB11FIP1","80223","Up"
"ENSG00000136999",437.126529274733,-2.55644937564749,0.181902738421748,-14.053935624214,7.28692523491259e-45,1.74731634496556e-42,-2.5310083389244,"CCN3","4856","Down"
"ENSG00000196517",230.282462332708,-2.23288438906512,0.159005347778645,-14.04282573045,8.5244687794249e-45,2.01355586422654e-42,-2.21191185496906,"SLC6A9","6536","Down"
"ENSG00000227051",4626.82376170284,-1.15509646230509,0.0837729568744381,-13.7884169951932,2.99254665316533e-43,6.96471225485213e-41,-1.14392980770697,"C14orf132","56967","Down"
"ENSG00000134363",2914.45703711454,-1.81156872745739,0.131690925508545,-13.7562153235823,4.673603812228e-43,1.06305285432363e-40,-1.79288231138924,"FST","10468","Down"
"ENSG00000167641",231.914731887227,2.89224210126439,0.210256535486378,13.7557774105517,4.70199038308188e-43,1.06305285432363e-40,2.86192539927176,"PPP1R14A","94274","Up"
"ENSG00000206538",12772.7450199588,1.36224421638839,0.0991840366111216,13.7345107431899,6.3080750315122e-43,1.40607880913679e-40,1.34742451031483,"VGLL3","389136","Up"
"ENSG00000109906",385.200712986974,7.34868887120479,0.536968826137446,13.685503726661,1.2394522007659e-42,2.72438479573906e-40,7.26916545512314,"ZBTB16","7704","Up"
"ENSG00000126016",387.362413083543,-2.37805327668749,0.174040027495448,-13.6638295851205,1.66966772327086e-42,3.61974813540884e-40,-2.35147633604318,"AMOT","154796","Down"
"ENSG00000106484",679.306459411187,-1.86767721641707,0.136978698401085,-13.6348004340672,2.48670168814619e-42,5.31818120494616e-40,-1.84817535747338,"MEST","4232","Down"
"ENSG00000149218",2029.52505076662,1.92241393144501,0.141140297115329,13.620588667701,3.02122609158878e-42,6.37518988339787e-40,1.90352714732224,"ENDOD1","23052","Up"
"ENSG00000124762",8037.26092886987,-1.01195385503482,0.0743426139922717,-13.6120295035633,3.39678350393386e-42,7.07335470174437e-40,-1.00268423241151,"CDKN1A","1026","Down"
"ENSG00000185432",3889.59947599982,2.24540174363595,0.165124774798819,13.5982122995877,4.10341103043926e-42,8.43384194386126e-40,2.22252479529773,"TMT1A","25840","Up"
"ENSG00000130513",452.075618195456,-1.87241039267259,0.137811177007449,-13.586781807773,4.79713846880023e-42,9.73327094964519e-40,-1.85231184722943,"GDF15","9518","Down"
"ENSG00000150907",679.486019317388,2.22385851014517,0.164369637893572,13.5296186001523,1.04564736114474e-41,2.09473609335147e-39,2.2006213336932,"FOXO1","2308","Up"
"ENSG00000151726",1461.87891976964,1.59850951516121,0.118873897870581,13.4471027180544,3.20173311849552e-41,6.29688405264458e-39,1.58048499833838,"ACSL1","2180","Up"
"ENSG00000163378",1807.67571666714,1.25786638120866,0.0935451957074702,13.4466165974167,3.22284600192223e-41,6.29688405264458e-39,1.2455722250738,"EOGT","285203","Up"
"ENSG00000196975",4915.09684299362,1.18110210158475,0.0880612498163343,13.4122795673253,5.12392851071594e-41,9.88918202568176e-39,1.16887962531131,"ANXA4","307","Up"
"ENSG00000221869",1965.63590516122,1.49587830095794,0.111568927695953,13.4076604646994,5.4532086802137e-41,1.03978892256701e-38,1.47945273440035,"CEBPD","1052","Up"
"ENSG00000169715",554.72658513558,2.22115420422994,0.165790037128562,13.3973925255083,6.26249287646964e-41,1.17988347932153e-38,2.19713457817626,"MT1E","4493","Up"
"ENSG00000013293",245.257844326637,-2.88681243976623,0.21621614895333,-13.3515116874519,1.16069326383108e-40,2.16107430510478e-38,-2.85479511916892,"SLC7A14","57709","Down"
"ENSG00000185950",1976.83272917511,2.1202456659838,0.160500996954405,13.2101713149241,7.66497830706192e-40,1.41053426380886e-37,2.09701416545228,"IRS2","8660","Up"
"ENSG00000145390",8452.4239882099,2.1434929432429,0.162601913669863,13.1824582802569,1.1072319076273e-39,2.01414392759881e-37,2.11921835462751,"USP53","54532","Up"
"ENSG00000147027",12613.0575291722,1.16077937592419,0.0885615127258842,13.1070409729454,3.00079615957087e-39,5.39665909333733e-37,1.14948792290151,"TMEM47","83604","Up"
"ENSG00000131831",1018.68712219958,1.42423842190998,0.109091142153393,13.0554909756775,5.91276073656311e-39,1.05140844288593e-36,1.40871357343335,"RAI2","10742","Up"
"ENSG00000137672",656.177378093274,1.95031769554897,0.149921838414688,13.0088966102079,1.08903172578824e-38,1.91500178803607e-36,1.92880193851844,"TRPC6","7225","Up"
"ENSG00000146122",1944.90469627899,1.67748157667783,0.129678954665148,12.9356500521565,2.83217384296911e-38,4.92549266360759e-36,1.65804551132831,"DAAM2","23500","Up"
"ENSG00000119138",1685.06206454709,2.07896626391065,0.160899046957267,12.9209358490657,3.42944691345918e-38,5.8993942230875e-36,2.05194174473092,"KLF9","687","Up"
"ENSG00000020577",3108.87818675537,1.19933048648586,0.0931308674080127,12.877905251666,5.99404027037248e-38,1.02001807869801e-35,1.18587193453076,"SAMD4A","23034","Up"
"ENSG00000163110",1315.80262028287,1.60148038235489,0.124813669771964,12.8309694385303,1.09979355438889e-37,1.85163114805942e-35,1.58432890801985,"PDLIM5","10611","Up"
"ENSG00000138735",6868.38746370269,-1.18281324665784,0.0924996787221867,-12.7872146476345,1.93277563728936e-37,3.219800761657e-35,-1.16778009782241,"PDE5A","8654","Down"
"ENSG00000071282",3664.48276756859,1.60129071270308,0.12538498419749,12.7709926587456,2.38098418605953e-37,3.92515163839356e-35,1.58322493280434,"LMCD1","29995","Up"
"ENSG00000101825",4780.18206392362,-1.32773534207659,0.104018498844986,-12.7644155301189,2.59088045296314e-37,4.2271416544943e-35,-1.31414921687256,"MXRA5","25878","Down"
"ENSG00000246430",2164.70217107941,2.04726768552439,0.161896838676648,12.6455074864886,1.18457197153553e-36,1.91296285933891e-34,2.02238937876363,"LINC00968","100507632","Up"
"ENSG00000163513",13233.033798253,1.45440774414856,0.115721885846847,12.568130336844,3.16111256510874e-36,5.00277674554108e-34,1.4402517113826,"TGFBR2","7048","Up"
"ENSG00000099998",506.787067439615,2.37683773520981,0.189135505556495,12.5668510955488,3.21266700886508e-36,5.03402654280185e-34,2.34723386526013,"GGT5","2687","Up"
"ENSG00000046653",1091.43818824187,2.39204934933326,0.190551402760669,12.5533022306724,3.81271556039553e-36,5.91568984890388e-34,2.36206877310344,"GPM6B","2824","Up"
"ENSG00000137809",1118.66867631202,-1.72515199347638,0.137728478392812,-12.5257464077699,5.39811062762969e-36,8.29422318377355e-34,-1.70453536676891,"ITGA11","22801","Down"
"ENSG00000106617",1019.75515084209,1.61273974122477,0.129131792997515,12.4890989568758,8.56177825727489e-36,1.30287214134262e-33,1.59374043313613,"PRKAG2","51422","Up"
"ENSG00000163431",4942.63497765937,1.15954613796454,0.0933544932266242,12.4208926414464,2.01302787178768e-35,3.03411229513445e-33,1.14635030105232,"LMOD1","25802","Up"
"ENSG00000214814",244.044249964065,-3.06427302513564,0.250450311672074,-12.2350537504934,2.01971103731841e-34,3.01546668647181e-32,-3.02340939492397,"FER1L6","654463","Down"
"ENSG00000115457",1921.52080930915,2.21006508614892,0.180665462795214,12.2329140941235,2.07363603257651e-34,3.0670433506127e-32,2.18078367524038,"IGFBP2","3485","Up"
"ENSG00000162772",374.017217200275,1.91534976490484,0.157380838973733,12.1701585618344,4.48210986721264e-34,6.56795099615808e-32,1.8905654397096,"ATF3","467","Up"
"ENSG00000119508",216.829087482066,2.0741717683136,0.170607033762651,12.1575982101605,5.22730351311402e-34,7.58966104573785e-32,2.04612663751165,"NR4A3","8013","Up"
"ENSG00000160200",835.08824718896,1.23882477961055,0.101979702572891,12.1477583122494,5.89600944268051e-34,8.48274958544197e-32,1.22299933974046,"CBS","875","Up"
"ENSG00000145777",152.810200794427,-2.78744283333717,0.229613208669777,-12.1397320715377,6.50386516299491e-34,9.27298829455472e-32,-2.74936759956365,"TSLP","85480","Down"
"ENSG00000174306",3239.18818518982,1.12702548056695,0.0938159971186411,12.0131482389053,3.03083011522401e-33,4.28267119674422e-31,1.11229865425696,"ZHX3","23051","Up"
"ENSG00000128923",1417.74004757835,1.03426266801438,0.0861837502042635,12.0006691001851,3.52435631423621e-33,4.93597017956658e-31,1.02209182440342,"MINDY2","54629","Up"
"ENSG00000114098",1011.49205093171,1.34236961103888,0.112379676302005,11.9449499697031,6.89918569157632e-33,9.57776427674446e-31,1.32623920706139,"ARMC8","25852","Up"
"ENSG00000173918",993.875209901419,1.24942150473668,0.104668494073057,11.9369397238544,7.59670817924257e-33,1.04543916212776e-30,1.23411964490592,"C1QTNF1","114897","Up"
"ENSG00000123562",5047.41389431327,1.02410141891395,0.086173198636846,11.8842219519987,1.42960050302225e-32,1.95041875524398e-30,1.01192679153104,"MORF4L2","9643","Up"
"ENSG00000103485",867.302130054768,-1.21610567644304,0.102634045915095,-11.848949981462,2.17904017960136e-32,2.92249914257382e-30,-1.20045670798783,"QPRT","23475","Down"
"ENSG00000164125",5604.09169009112,1.12069173908079,0.0945807725076878,11.8490440431717,2.17659587088585e-32,2.92249914257382e-30,1.1069510873105,"GASK1B","51313","Up"
"ENSG00000114270",1548.67086249311,1.22942200819553,0.103928789354696,11.8294653082089,2.7488720843584e-32,3.65576887454252e-30,1.21384577699,"COL7A1","1294","Up"
"ENSG00000077684",1572.71026272547,1.19631948517365,0.101203091789318,11.8209776403286,3.04124530631173e-32,4.01089568480745e-30,1.18104010125445,"JADE1","79960","Up"
"ENSG00000109861",4063.91831067486,1.01427198125196,0.0858609753690378,11.8129566650336,3.34584758541187e-32,4.3549641768451e-30,1.0009627143792,"CTSC","1075","Up"
"ENSG00000110756",996.491791403195,1.57246422203436,0.13431333044948,11.7074322911367,1.16762279311268e-31,1.4902256712743e-29,1.55145830054459,"HPS5","11234","Up"
"ENSG00000164442",7519.24168382832,1.54585833335752,0.132477874619057,11.6688038497196,1.83991964140557e-31,2.32948545959076e-29,1.52445172586812,"CITED2","10370","Up"
"ENSG00000138829",15710.7685351709,1.91533023614047,0.164264618395977,11.6600291337442,2.03972588891079e-31,2.56196046967478e-29,1.88455401535082,"FBN2","2201","Up"
"ENSG00000144369",1306.44025860627,-1.35199685377736,0.11609851356107,-11.6452555016235,2.42593518979872e-31,3.02305907982319e-29,-1.33246067276314,"FAM171B","165215","Down"
"ENSG00000143320",1496.24964437816,-1.6406677653947,0.140942683351822,-11.6406735445731,2.55986006389421e-31,3.1650269821242e-29,-1.61662094985997,"CRABP2","1382","Down"
"ENSG00000181467",632.360918640644,-1.27669474563981,0.109690954347946,-11.6390157532047,2.61010231964462e-31,3.20213017912371e-29,-1.26028900743,"RAP2B","5912","Down"
"ENSG00000155130",5667.05384362795,-1.19566553024301,0.102937254062702,-11.6154791686467,3.43855210423381e-31,4.18604043089264e-29,-1.1782185711126,NA,NA,"Down"
"ENSG00000196507",990.221400252361,1.05103801073809,0.092250186511857,11.3933429349002,4.51335120065005e-30,5.45254168713646e-28,1.0384855421756,"TCEAL3","85012","Up"
"ENSG00000154864",153.606956454729,-2.57018012217119,0.226551121090262,-11.3448130814907,7.8694217597695e-30,9.43495975531152e-28,-2.53109938813367,"PIEZO2","63895","Down"
"ENSG00000008256",3721.61626087467,1.17940240697863,0.104041656271822,11.3358672789415,8.71643270853508e-30,1.03718995522764e-27,1.15933445547156,"CYTH3","9265","Up"
"ENSG00000116584",2255.80966137931,-1.01972865112101,0.0902283969585446,-11.3016376827522,1.28793476664843e-29,1.52110862813269e-27,-1.00526423836347,"ARHGEF2","9181","Down"
"ENSG00000177283",115.192246559683,2.48422619024079,0.219863347831413,11.2989555318954,1.32787889335368e-29,1.55666750860855e-27,2.44615279574251,"FZD8","8325","Up"
"ENSG00000146592",671.212096620659,-2.05063834673945,0.184054637387275,-11.1414652510202,7.88118943930889e-29,9.17115471077224e-27,-2.01692735843638,"CREB5","9586","Down"
"ENSG00000140545",9211.79709563252,1.10710233983142,0.0994897722797849,11.1278005212237,9.18745320397873e-29,1.06131849931509e-26,1.09233849971038,"MFGE8","4240","Up"
"ENSG00000133216",344.859146704352,-1.77445486879494,0.15971769186574,-11.1099456050652,1.12227857387941e-28,1.2870420804504e-26,-1.74789354804726,"EPHB2","2048","Down"
"ENSG00000163491",160.677723573361,-2.50027388202754,0.226270263051113,-11.0499446472237,2.19350086948916e-28,2.49743487485867e-26,-2.46041313908325,"NEK10","152110","Down"
"ENSG00000205978",1604.75287011822,-1.16045014916221,0.105148558595668,-11.0362915541671,2.55355986103823e-28,2.88661702577079e-26,-1.14354538572388,"NYNRIN","57523","Down"
"ENSG00000072958",2132.09145131494,1.08153139304943,0.0980920179497823,11.0256819632676,2.87332320152654e-28,3.22505056647937e-26,1.06644156805404,"AP1M1","8907","Up"
"ENSG00000243244",997.437432905106,1.40779876970315,0.128273258359038,10.9749981228567,5.04069037539545e-28,5.61788492119777e-26,1.3864636269529,"STON1","11037","Up"
"ENSG00000233117",77.6903384324045,3.38614996295239,0.308933558038885,10.9607709322604,5.89946508121158e-28,6.52901638987794e-26,3.32992430497647,NA,NA,"Up"
"ENSG00000096060",2566.32135377626,4.04265461368199,0.369250646480822,10.9482668539944,6.77311447354906e-28,7.44384094849913e-26,3.9662698301717,"FKBP5","2289","Up"
"ENSG00000136546",4997.70551024391,1.36468974093467,0.125139736441767,10.9053269547976,1.08701786163406e-27,1.18642377091176e-25,1.34688413625068,"SCN7A","6332","Up"
"ENSG00000092621",1234.44842952594,-1.43078912226912,0.131484480881156,-10.8818098735345,1.40740395356114e-27,1.52558732664785e-25,-1.40771171170918,"PHGDH","26227","Down"
"ENSG00000127083",304.827984493728,1.80867071140331,0.166822645288269,10.8418776616204,2.17951163533985e-27,2.34645926128493e-25,1.77961473567924,"OMD","4958","Up"
"ENSG00000187498",2286.31616835608,1.31168202880183,0.121605784144039,10.7863457156625,3.99354919434255e-27,4.21346063664435e-25,1.29149825630462,"COL4A1","1282","Up"
"ENSG00000183160",2994.77090979276,-1.17708682005953,0.109353310077676,-10.7640712404903,5.08718942882936e-27,5.33177880136778e-25,-1.15842712024319,"TMEM119","338773","Down"
"ENSG00000126878",93.5814433474025,-2.67299183188391,0.249065452215245,-10.7320859160101,7.19533409172512e-27,7.4916682457659e-25,-2.62681254913141,"AIF1L","83543","Down"
"ENSG00000165507",18377.9313416258,1.54940035255694,0.144624219670027,10.7132840964814,8.81771679670182e-27,9.1208618316734e-25,1.52534976158289,"DEPP1","11067","Up"
"ENSG00000102466",665.662297786992,1.21320717363121,0.11327923338183,10.7098815679821,9.14787649396308e-27,9.40092814243245e-25,1.19320173674936,"FGF14","2259","Up"
"ENSG00000177666",1703.40729709041,1.09619381254786,0.102716961126652,10.671984456357,1.37654602342465e-26,1.405497894627e-24,1.0799174079742,"PNPLA2","57104","Up"
"ENSG00000180914",569.819585318312,1.8719687843202,0.175518553370037,10.6653612873257,1.47823417612554e-26,1.49964961995916e-24,1.84029686445693,"OXTR","5021","Up"
"ENSG00000069431",850.389567167228,1.05308337729863,0.0988699249854647,10.6512003266256,1.72131056584384e-26,1.73512490541685e-24,1.03726116472202,"ABCC9","10060","Up"
"ENSG00000177674",752.44697283376,1.1108668913292,0.104346976703469,10.6458943653541,1.82225836764171e-26,1.82525702065175e-24,1.09390467907035,"AGTRAP","57085","Up"
"ENSG00000131386",11510.2334798557,1.61147678410153,0.151832474106364,10.6135185742454,2.57852070656695e-26,2.56652004415903e-24,1.5843985320469,"GALNT15","117248","Up"
"ENSG00000112773",517.994776821212,-1.20194503761308,0.113341307252976,-10.6046512674356,2.83519711997877e-26,2.804364351299e-24,-1.18280073724293,"TENT5A","55603","Down"
"ENSG00000099204",849.746412465004,1.42328813407896,0.134280445055089,10.5993700981186,2.99993948017119e-26,2.94888460951486e-24,1.40035257390938,"ABLIM1","3983","Up"
"ENSG00000125848",179.144542300372,-2.48443464401322,0.235109059915382,-10.5671582579905,4.23121894935663e-26,4.13353525262457e-24,-2.43990174282212,"FLRT3","23767","Down"
"ENSG00000162496",3698.12123150668,1.083151763084,0.10257973653536,10.5591201505048,4.60962108696174e-26,4.47557443694825e-24,1.0668137939987,"DHRS3","9249","Up"
"ENSG00000110900",263.392123139726,-1.4689719350986,0.139138978892821,-10.5575874337137,4.68549374029602e-26,4.52150145938566e-24,-1.44435136334882,"TSPAN11","441631","Down"
"ENSG00000127954",286.795611723087,5.20314246700415,0.493473630776242,10.5439118577005,5.41965815154067e-26,5.1982733276535e-24,5.10870609115391,"STEAP4","79689","Up"
"ENSG00000169738",628.130581562876,2.09412193548826,0.19879674978015,10.5339847749229,6.02296372886546e-26,5.7421339742786e-24,2.05703094745489,"DCXR","51181","Up"
"ENSG00000148120",745.061873519953,1.10016254076661,0.104450945642937,10.5328155144473,6.09826819930977e-26,5.77911332468721e-24,1.08323102220933,"AOPEP","84909","Up"
"ENSG00000164742",354.572123136958,-2.59234241848796,0.248058190975006,-10.4505414971327,1.45690997408906e-25,1.37244388392461e-23,-2.54461879004887,"ADCY1","107","Down"
"ENSG00000035664",633.941924489473,1.67958795107604,0.161000534347617,10.4321886749123,1.76768909792889e-25,1.65535193277057e-23,1.64988574396125,"DAPK2","23604","Up"
"ENSG00000102554",149.696622904642,2.47925960667617,0.238188525359346,10.4088121077025,2.26024319807546e-25,2.10415346192601e-23,2.43493457275412,"KLF5","688","Up"
"ENSG00000172061",231.883187696054,-2.55920663290896,0.246274389126984,-10.3916880759752,2.70522207409055e-25,2.50367511956474e-23,-2.51076711341798,"LRRC15","131578","Down"
"ENSG00000023909",1930.22443342482,1.21802134835076,0.117770760437551,10.342306900503,4.53487293431429e-25,4.14849127505538e-23,1.1979638225946,"GCLM","2730","Up"
"ENSG00000237697",126.977061242397,2.02069564592935,0.195789216609862,10.3207708826777,5.67655434490976e-25,5.16305454382424e-23,1.98515093408801,NA,NA,"Up"
"ENSG00000183044",499.34845843482,1.15300912268729,0.111940410861581,10.3002044910576,7.03116758427167e-25,6.35858618221048e-23,1.13447090243547,"ABAT","18","Up"
"ENSG00000163697",2269.39270679434,1.07637057804123,0.104554237143225,10.294853728087,7.43324616964137e-25,6.68400874322411e-23,1.05627016778593,"APBB2","323","Up"
"ENSG00000138073",1699.75285355026,1.09739506851047,0.106883167392083,10.2672394099705,9.89969676954704e-25,8.85155938275997e-23,1.07949674463253,"PREB","10113","Up"
"ENSG00000164070",593.006344697869,-1.3258285693955,0.129229567528749,-10.2594831411206,1.07279397430261e-24,9.53822327938938e-23,-1.30167006989115,"HSPA4L","22824","Down"
"ENSG00000099194",787.09110016822,-1.99590387135292,0.194622782286714,-10.255242720827,1.12094026975203e-24,9.91061492128247e-23,-1.95817623045421,"SCD","6319","Down"
"ENSG00000120837",1844.53302325795,1.03166216776694,0.100680927187841,10.2468481030391,1.22265592394327e-24,1.07498625846257e-22,1.01605188081347,"NFYB","4801","Up"
"ENSG00000152580",6007.97811445138,-1.15969104159827,0.113327777715171,-10.2330696408161,1.40978527312187e-24,1.21919463018726e-22,-1.13965868274864,"IGSF10","285313","Down"
"ENSG00000013297",3440.46811483746,-1.77834089278761,0.17397450017527,-10.221847977698,1.58293967111628e-24,1.36150017581991e-22,-1.74458948863451,"CLDN11","5010","Down"
"ENSG00000177614",133.494401941133,-2.57247518090326,0.252050245836138,-10.2061998486431,1.86007722259853e-24,1.59122065539699e-22,-2.52296150454898,"PGBD5","79605","Down"
"ENSG00000128510",164.561138927101,-2.26607467162331,0.222364080347057,-10.1908305877753,2.17894535807168e-24,1.84406359555307e-22,-2.22108113092693,"CPA4","51200","Down"
"ENSG00000164292",14419.3359824602,1.04315111715224,0.102390184790774,10.1879991649965,2.2433365465436e-24,1.88845979710633e-22,1.0271092418761,"RHOBTB3","22836","Up"
"ENSG00000008311",722.919878410966,1.09173055244083,0.107484028126997,10.1571421490726,3.0797143208237e-24,2.57881263710878e-22,1.07354183684051,"AASS","10157","Up"
"ENSG00000126950",788.239297009002,-1.71208923229863,0.168748700720632,-10.1457920860265,3.45960350033128e-24,2.8816676313812e-22,-1.68053746474036,"TMEM35A","59353","Down"
"ENSG00000081052",207.407807028364,1.90834859282021,0.188602977539482,10.1183375666522,4.58130658066167e-24,3.7514135595393e-22,1.87234078228835,"COL4A4","1286","Up"
"ENSG00000088756",687.236073486132,-1.65138315502856,0.163209353322502,-10.1181894383554,4.58824411416378e-24,3.7514135595393e-22,-1.62044158540007,"ARHGAP28","79822","Down"
"ENSG00000127824",229.265600912277,-1.56472797805544,0.154648429425789,-10.1179687622131,4.59859870182374e-24,3.7514135595393e-22,-1.53634536338321,"TUBA4A","7277","Down"
"ENSG00000134253",137.307322500214,-1.96236862176824,0.19475794649525,-10.0759360892938,7.05854196948873e-24,5.69941251066983e-22,-1.92492718698805,"TRIM45","80263","Down"
"ENSG00000170624",2126.69549296535,-1.14097777814484,0.113358527454255,-10.0652134759361,7.87163746936322e-24,6.32368195889048e-22,-1.1201560279885,"SGCD","6444","Down"
"ENSG00000167992",252.13858648654,-1.52798721980009,0.152240341888741,-10.0366775379207,1.05156516646749e-23,8.40508602248204e-22,-1.49937832270855,"VWCE","220001","Down"
"ENSG00000164484",818.792165313644,-1.21036617041714,0.120831628303685,-10.0169648245999,1.28385111376021e-23,1.01591138631846e-21,-1.18864121397321,"TMEM200A","114801","Down"
"ENSG00000143891",529.642505893382,-1.12094737752653,0.112487499971217,-9.96508392322132,2.16690779418443e-23,1.70614342043596e-21,-1.10041620564574,"GALM","130589","Down"
"ENSG00000118689",5171.98676728715,1.25609690578972,0.126503197987056,9.92936878890798,3.10213010318071e-23,2.41843896615458e-21,1.23289877759874,"FOXO3","2309","Up"
"ENSG00000165272",139.027343003421,-2.92333530746521,0.295217589325948,-9.90230735959832,4.0677986712045e-23,3.15573440051384e-21,-2.86337601207603,"AQP3","360","Down"
"ENSG00000132970",1324.61475451187,1.10403590883258,0.111708992400945,9.88314266473723,4.92632161772493e-23,3.74826759240936e-21,1.08417914972868,"WASF3","10810","Up"
"ENSG00000198431",22764.0691648872,1.49617026173972,0.151384722201043,9.88323154401781,4.92195278474807e-23,3.74826759240936e-21,1.46956930319828,"TXNRD1","7296","Up"
"ENSG00000181061",2424.12333639201,1.19654104846407,0.121076311537249,9.88253633821634,4.95622801270231e-23,3.75297916406827e-21,1.17453694397315,"HIGD1A","25994","Up"
"ENSG00000145244",167.225787241321,1.92378301791108,0.194818581908611,9.87474089516535,5.35712287973833e-23,4.03722984260661e-21,1.88643557231106,"CORIN","10699","Up"
"ENSG00000140807",96.314325563272,2.42523838007904,0.245997163603549,9.85880627464297,6.27914442990305e-23,4.70965591221069e-21,2.37632950955904,"NKD1","85407","Up"
"ENSG00000179820",3788.95813032277,1.49414946352917,0.152233702161045,9.81484022472589,9.71918337182802e-23,7.2213988752371e-21,1.46499021538899,"MYADM","91663","Up"
"ENSG00000106123",2291.12650290926,1.40327121300584,0.142993542661446,9.81352854742713,9.84639750267815e-23,7.28173303165348e-21,1.37940692245375,"EPHB6","2051","Up"
"ENSG00000136436",3133.72494615856,1.13135106770362,0.115290759672882,9.81302465968334,9.89570450861381e-23,7.28415904899173e-21,1.11111587614444,"CALCOCO2","10241","Up"
"ENSG00000003402",2549.83468101131,1.18647438473375,0.121088201348876,9.79843099093786,1.14347977348951e-22,8.37810689594675e-21,1.16418406820104,"CFLAR","8837","Up"
"ENSG00000167552",9331.41214728198,-1.21879269019764,0.12468008992145,-9.77535940955359,1.43646575032271e-22,1.04762704906024e-20,-1.19529432038264,"TUBA1A","7846","Down"
"ENSG00000137962",4506.84349598532,1.15173931801109,0.117922409546136,9.76692489955009,1.56118719921208e-22,1.1333646153546e-20,1.12888692427135,"ARHGAP29","9411","Up"
"ENSG00000116991",120.201469651116,-2.58785765150893,0.265270438557051,-9.75554481526733,1.74660307056919e-22,1.26217991757205e-20,-2.53364758417909,"SIPA1L2","57568","Down"
"ENSG00000128342",153.550218307891,-2.61053208596109,0.267697897383883,-9.75178405012851,1.81254494506617e-22,1.30387892275532e-20,-2.55355629758487,"LIF","3976","Down"
"ENSG00000100784",87.5697907553361,-2.51045018124957,0.25758725710865,-9.74601853146274,1.9184526355385e-22,1.37382042579332e-20,-2.4577196146546,"RPS6KA5","9252","Down"
"ENSG00000145675",3499.49881177558,1.54062604222321,0.158408648931782,9.72564347093617,2.34418521592684e-22,1.67112951474136e-20,1.51165601335133,"PIK3R1","5295","Up"
"ENSG00000103175",250.831677742986,1.75193533535679,0.180821201451094,9.68877167775387,3.36551765270196e-22,2.38846109289961e-20,1.716379606679,"WFDC1","58189","Up"
"ENSG00000173838",47.3940073406707,3.89844345843284,0.403422989768111,9.6634142260303,4.31246760514048e-22,3.01987222650236e-20,3.81533383113253,"MARCHF10","162333","Up"
"ENSG00000198542",3512.32928024253,1.02455150013103,0.106556397055805,9.61511019929158,6.90353882470177e-22,4.79190374735659e-20,1.00486490962267,"ITGBL1","9358","Up"
"ENSG00000185813",468.888055196636,1.11245303388204,0.116276521689378,9.56730574426584,1.0972782905467e-21,7.55022879399656e-20,1.09134235918736,"PCYT2","5833","Up"
"ENSG00000175130",621.55274454656,-1.12789385512965,0.117945500786192,-9.56283917242641,1.14569700695954e-21,7.84926442949859e-20,-1.10627543481307,"MARCKSL1","65108","Down"
"ENSG00000131771",95.7496025568606,-3.00321896917681,0.314384660175978,-9.55268926764985,1.2637246998254e-21,8.58356527872823e-20,-2.93648128236299,"PPP1R1B","84152","Down"
"ENSG00000111859",1774.59888623428,1.61965022596618,0.169561623666916,9.55198582639068,1.27233664532387e-21,8.60512809781864e-20,1.57807688949764,"NEDD9","4739","Up"
"ENSG00000169218",644.135310268406,1.39931714844378,0.146504229398336,9.55137714583738,1.27983531550173e-21,8.61901008643847e-20,1.37113724095178,"RSPO1","284654","Up"
"ENSG00000185022",649.083193632915,1.26344318808889,0.132717083578254,9.51982332661736,1.73473730993263e-21,1.1633030791099e-19,1.23824417734041,"MAFF","23764","Up"
"ENSG00000128311",316.811899222327,1.29323826599102,0.136029647209193,9.50703241920647,1.96179072292633e-21,1.31001265742752e-19,1.26620613044326,"TST","7263","Up"
"ENSG00000140105",2500.69660328676,-1.30931739320332,0.137978726184784,-9.48927004478838,2.32657717814938e-21,1.54707606812572e-19,-1.28045556994253,"WARS1","7453","Down"
"ENSG00000100033",55.4039350785685,4.88667223051429,0.515367434882149,9.48191891796916,2.49649216102899e-21,1.6531165247048e-19,4.77706308473237,"PRODH","5625","Up"
"ENSG00000176771",107.950807930374,-2.22416148262923,0.235388671314783,-9.44888923585823,3.42445229101209e-21,2.24877103558329e-19,-2.17390409034543,"NCKAP5","344148","Down"
"ENSG00000084090",3614.64318280098,1.24580468553032,0.132047022735941,9.43455338649775,3.92663447984657e-21,2.56788914372115e-19,1.22009136056186,"STARD7","56910","Up"
"ENSG00000117461",216.091023374775,-1.7047871684143,0.180800230278732,-9.42912055911711,4.13541616257648e-21,2.68225804053014e-19,-1.66786821277674,"PIK3R3","8503","Down"
"ENSG00000182552",979.758928640972,1.11003133375511,0.11782157962354,9.4212905420369,4.45577278586641e-21,2.87824735139273e-19,1.08840342822114,"RWDD4","201965","Up"
"ENSG00000116711",112.316364515934,-2.45577674840883,0.260685153638025,-9.42047030349418,4.49072018380435e-21,2.88902998491413e-19,-2.40011201071434,"PLA2G4A","5321","Down"
"ENSG00000157514",2207.5036286793,3.18616035523032,0.338667327824288,9.40793543829361,5.05977418609568e-21,3.24194276393321e-19,3.1136027194987,"TSC22D3","1831","Up"
"ENSG00000250978",56.3490382595375,6.32070356698129,0.672864264745889,9.39372752893682,5.79135882415735e-21,3.69572761093202e-19,6.17936017684659,"LOC101928819","101928819","Up"
"ENSG00000124151",1571.84756471968,1.35229952100321,0.144114959424146,9.38347779027744,6.38317690889367e-21,4.05703444819885e-19,1.32468449918334,"NCOA3","8202","Up"
"ENSG00000083223",1488.96980634458,1.10448729521535,0.118002622280099,9.35985382251647,7.98470835039049e-21,5.0546397741312e-19,1.08210896370436,"TUT7","79670","Up"
"ENSG00000171132",402.499879296708,-1.20500675922816,0.129313180354523,-9.31851460094426,1.17980370793049e-20,7.40935455623329e-19,-1.18026444032406,"PRKCE","5581","Down"
"ENSG00000185745",238.343907541223,-1.6679805140312,0.179062430279624,-9.31507805085905,1.21862907895336e-20,7.62293430969007e-19,-1.63093331768835,"IFIT1","3434","Down"
"ENSG00000170775",214.049690079088,1.48633696248962,0.160087540856919,9.28452616945411,1.62428265532146e-20,1.00807440404382e-18,1.45435320063507,"GPR37","2861","Up"
"ENSG00000108830",158.742226552439,-2.36646962927664,0.255358237025646,-9.26725394426565,1.90999883340442e-20,1.1761728224692e-18,-2.31063972426161,"RND2","8153","Down"
"ENSG00000108604",2180.85214797553,1.24045684715491,0.133876983877257,9.26564679924525,1.93898526139917e-20,1.18939460259315e-18,1.21515023342265,"SMARCD2","6603","Up"
"ENSG00000196950",810.841696184099,-1.23104569609198,0.132940894020572,-9.26009791916609,2.04244817705976e-20,1.24802258108678e-18,-1.20313535714345,"SLC39A10","57181","Down"
"ENSG00000184254",562.212389142317,-1.03198598667513,0.111479101065479,-9.25721482153843,2.09834157338199e-20,1.27724437462859e-18,-1.01135041961281,"ALDH1A3","220","Down"
"ENSG00000107796",2431.57096216566,1.13909474604332,0.123094479326955,9.25382480409808,2.16599937093901e-20,1.31337571051651e-18,1.11035044060584,"ACTA2","59","Up"
"ENSG00000174697",116.080220538477,3.02779015813891,0.327715375131576,9.23908485197947,2.48614420728841e-20,1.50174497040254e-18,2.95622539226943,"LEP","3952","Up"
"ENSG00000169744",618.338215504544,-1.34003286524045,0.145191848472854,-9.22939462053196,2.72165735821864e-20,1.63155111178667e-18,-1.31043963454821,"LDB2","9079","Down"
"ENSG00000172260",1336.76345164385,1.44602276393356,0.156670616486867,9.22969984007676,2.71391337755132e-20,1.63155111178667e-18,1.41487283333387,"NEGR1","257194","Up"
"ENSG00000137393",158.423079444335,2.12053142458875,0.23037881727408,9.20454167479281,3.43132410910079e-20,2.04921265474072e-18,2.07064853296052,"RNF144B","255488","Up"
"ENSG00000152779",45.7234560507756,4.11509595460408,0.448968679877095,9.16566375126789,4.92429836963368e-20,2.92977240593318e-18,4.01687099456459,"SLC16A12","387700","Up"
"ENSG00000159212",758.533367603348,1.03971836429027,0.113852549285303,9.1321482989796,6.7153243970685e-20,3.96554939955246e-18,1.0174739701963,"CLIC6","54102","Up"
"ENSG00000166825",4204.54955712067,1.05870941347768,0.115941318856262,9.13142461998563,6.76037304499524e-20,3.97731092230835e-18,1.0379256643958,"ANPEP","290","Up"
"ENSG00000197769",134.757468495879,2.44531109650393,0.267988887437777,9.12467348882773,7.19528218518418e-20,4.21750132824907e-18,2.38757924734409,"MAP1LC3C","440738","Up"
"ENSG00000162878",1590.58504129249,1.55410152045309,0.170873332562971,9.09505010022767,9.45428717441368e-20,5.46071346066682e-18,1.51842942096851,"PKDCC","91461","Up"
"ENSG00000138074",436.499581099173,1.20334879166207,0.132901229719734,9.05445942223201,1.37245900547711e-19,7.86975950024663e-18,1.17678155170983,"SLC5A6","8884","Up"
"ENSG00000074590",413.194557248276,1.35714645732167,0.150005174947515,9.04733091906008,1.46505504045049e-19,8.37038305782291e-18,1.3260820211825,"NUAK1","9891","Up"
"ENSG00000168556",382.556718353165,1.27390191410242,0.140915807801383,9.04016330018805,1.56437941044618e-19,8.9057081114105e-18,1.24552796371332,"ING2","3622","Up"
"ENSG00000179593",67.2669027445166,9.50198375603055,1.05178652269948,9.03413720461357,1.65301242648524e-19,9.37655005790516e-18,10.973786900838,"ALOX15B","247","Up"
"ENSG00000116962",9446.9314708643,1.47721992676059,0.163850818902999,9.01563957171989,1.95725022617714e-19,1.10626578855283e-17,1.4428338787439,"NID1","4811","Up"
"ENSG00000143507",319.663738972784,-1.18885350243118,0.132145124555184,-8.99657483719507,2.32869310332037e-19,1.30687578202653e-17,-1.16291544350923,"DUSP10","11221","Down"
"ENSG00000170989",242.495378731726,-1.48880533533544,0.165547000928986,-8.99324860602026,2.4002851290356e-19,1.33597882805911e-17,-1.45411754426584,"S1PR1","1901","Down"
"ENSG00000183876",194.169032389793,-1.68985018739267,0.188263161645578,-8.97600025741604,2.80788736123729e-19,1.54834931633942e-17,-1.64863721311846,"ARSI","340075","Down"
"ENSG00000115419",3870.65933297189,1.18957416316656,0.13277954737108,8.95901655578059,3.27586959568487e-19,1.80013584101767e-17,1.16365548152103,"GLS","2744","Up"
"ENSG00000111728",193.902341459221,-1.53149628174828,0.170982947880492,-8.95701179990599,3.3359601086297e-19,1.82681331069805e-17,-1.49511459965461,"ST8SIA1","6489","Down"
"ENSG00000137767",880.946023197509,1.02957262100853,0.115031708809375,8.95033753445053,3.54397017680389e-19,1.9340300695896e-17,1.0054214940827,"SQOR","58472","Up"
"ENSG00000158246",70.3669582233092,2.34761501684679,0.262460788285065,8.94463143308476,3.7319302171411e-19,2.02265505535873e-17,2.28980958744214,"TENT5B","115572","Up"
"ENSG00000183496",171.911566376607,-1.71769035007745,0.192242699487626,-8.93500952002606,4.07143154720857e-19,2.19912886232501e-17,-1.67746103495736,"MEX3B","84206","Down"
"ENSG00000075213",715.970034549921,-1.211614977725,0.135686003596963,-8.92955017913224,4.27744462754877e-19,2.30254553318322e-17,-1.18448679099216,"SEMA3A","10371","Down"
"ENSG00000103064",781.705046527449,1.39750210897595,0.156902050519887,8.90684413839969,5.25057939660945e-19,2.80728613279531e-17,1.36537488245035,"SLC7A6","9057","Up"
"ENSG00000126785",674.365369680212,-1.21957929276109,0.137029905403762,-8.90009585256279,5.57984787786847e-19,2.94355575050488e-17,-1.19127032969564,"RHOJ","57381","Down"
"ENSG00000120162",60.7118350271499,2.70804821067006,0.304845990825581,8.88333221419821,6.48868165372445e-19,3.41162378245326e-17,2.63984135474664,"MOB3B","79817","Up"
"ENSG00000116194",237.317677956276,1.93816673401698,0.218220656820249,8.88168316537271,6.58561867122055e-19,3.43973600959526e-17,1.89009358375702,"ANGPTL1","9068","Up"
"ENSG00000107968",537.424307038482,1.12904918385002,0.127225200722559,8.87441463984908,7.03021823004671e-19,3.65987610883945e-17,1.10423593897661,"MAP3K8","1326","Up"
"ENSG00000268913",72.9333932819169,2.52466398578654,0.284534642304185,8.87295819356688,7.12280778980882e-19,3.69591987152506e-17,2.46139432639343,NA,NA,"Up"
"ENSG00000135069",726.44650106537,-1.30155860868031,0.146780225582385,-8.86739752249374,7.48752295309367e-19,3.87246857044642e-17,-1.2706830544348,"PSAT1","29968","Down"
"ENSG00000070882",1109.06025148813,-1.10673318239385,0.124943117780641,-8.85789631356013,8.15385021039883e-19,4.20334962311961e-17,-1.08299568788584,"OSBPL3","26031","Down"
"ENSG00000145632",524.936948073084,-1.0250418694896,0.115993077848954,-8.83709518273501,9.82394399201057e-19,5.01528185863094e-17,-1.00293389191625,"PLK2","10769","Down"
"ENSG00000182580",427.128362287707,-1.52398233164179,0.173127148143761,-8.80267680708461,1.33590860367497e-18,6.77631075697437e-17,-1.48627709603133,"EPHB3","2049","Down"
"ENSG00000161647",166.529593810525,1.56302676805515,0.178473678430982,8.75774389700608,1.99197120693917e-18,1.00079162923871e-16,1.52463913917641,"MPP3","4356","Up"
"ENSG00000147576",243.295837910308,1.44030794773099,0.164598861975525,8.75041255112174,2.12574175907543e-18,1.06461990756733e-16,1.40500297754637,"ADHFE1","137872","Up"
"ENSG00000197301",209.602122768059,2.27171086093214,0.261204526613602,8.69705778220553,3.40600025439938e-18,1.68448000081639e-16,2.21066850490828,"HMGA2-AS1","100129940","Up"
"ENSG00000188176",56.3113311424152,-3.24521291554582,0.373693421447453,-8.6841585355608,3.81556327048533e-18,1.88115589777884e-16,-3.15860642080728,"SMTNL2","342527","Down"
"ENSG00000196230",7925.97775154974,-1.18948882979785,0.13701091029068,-8.68170883088253,3.89866435287877e-18,1.91022483122785e-16,-1.15694060768377,"TUBB","203068","Down"
"ENSG00000147883",518.269514837144,-1.4314425055949,0.165047757869807,-8.67289882679927,4.21256220325004e-18,2.04503096406856e-16,-1.39504372298323,"CDKN2B","1030","Down"
"ENSG00000164619",554.534096078332,-1.53600566399462,0.177225330829086,-8.66696457447119,4.4379296894786e-18,2.14784939650423e-16,-1.49631034686344,"BMPER","168667","Down"
"ENSG00000108950",1013.08794181449,1.08714056863396,0.125652739360204,8.6519448296109,5.06291206820183e-18,2.42804989064734e-16,1.06254277504878,"FAM20A","54757","Up"
"ENSG00000081803",1173.04295409312,1.32285156144317,0.152955650342734,8.64859557969255,5.21370746599283e-18,2.49281372679162e-16,1.28920458490901,"CADPS2","93664","Up"
"ENSG00000135821",19625.2222327263,2.91881543025071,0.337547364099201,8.647128494219,5.28114931935228e-18,2.51745388939968e-16,2.84024044240338,"GLUL","2752","Up"
"ENSG00000174437",10597.2022982576,1.33605411477031,0.154854023934805,8.62782949271506,6.25271997540052e-18,2.95389690539369e-16,1.30434484020347,"ATP2A2","488","Up"
"ENSG00000101342",42.9362334646974,4.08475438797094,0.473607202478787,8.62477252582302,6.42201748309727e-18,3.0248466871279e-16,3.97290723921908,"TLDC2","140711","Up"
"ENSG00000147119",453.728043294828,1.52849426376683,0.177328066595605,8.61958455371052,6.71974660170463e-18,3.15568871568479e-16,1.48886992898687,"CHST7","56548","Up"
"ENSG00000168621",218.571329248311,1.79909992601013,0.208868922762456,8.61353571520178,7.08411446775352e-18,3.31695844871796e-16,1.75109545173143,"GDNF","2668","Up"
"ENSG00000133110",4047.95775119171,-1.42452732577226,0.165498794938357,-8.60747853966456,7.46851276343e-18,3.46617838692209e-16,-1.3861141472539,"POSTN","10631","Down"
"ENSG00000157152",49.9675546872647,3.45873481942719,0.401999331527199,8.60383226580857,7.70976285553735e-18,3.56768148981679e-16,3.36350265933986,"SYN2","6854","Up"
"ENSG00000009413",7595.17397189117,1.09158305811529,0.127056813591598,8.59129886275911,8.59916371819948e-18,3.95611526175072e-16,1.06584729126885,"REV3L","5980","Up"
"ENSG00000272841",115.136426911922,-2.02307166832065,0.235541126392843,-8.58903792854631,8.77005667701714e-18,4.02304107160792e-16,-1.97056785975854,"MAP3K4-AS1","117981787","Down"
"ENSG00000183508",90.279921674151,-2.54884206715588,0.296820460477557,-8.58715084214555,8.91525529487888e-18,4.07782746522408e-16,-2.47765971413676,"TENT5C","54855","Down"
"ENSG00000126861",310.084255907471,-1.72395787528206,0.201131819961547,-8.57128362688534,1.02337852112269e-17,4.62742527865364e-16,-1.67810420827483,"OMG","4974","Down"
"ENSG00000087448",908.890738829641,1.05663572486887,0.123372986030834,8.56456310950269,1.08486401112079e-17,4.89146947008478e-16,1.03167911898389,"KLHL42","57542","Up"
"ENSG00000146373",820.12308027012,1.0778448088474,0.125866925675948,8.56336804175528,1.0961731281711e-17,4.92841929728292e-16,1.05307855125093,"RNF217","154214","Up"
"ENSG00000143127",266.055293492375,3.81462257840508,0.446776583410441,8.53809872774978,1.36448316675326e-17,6.11736844108701e-16,3.70256359844518,"ITGA10","8515","Up"
"ENSG00000099860",368.585085766132,1.467044868154,0.172032034036539,8.52774238455148,1.49231412012051e-17,6.63409080478293e-16,1.42067719828486,"GADD45B","4616","Up"
"ENSG00000169855",1731.62642673612,-1.11457966180576,0.131634975140251,-8.46720000226555,2.51362271744555e-17,1.1143023284676e-15,-1.0863955990428,"ROBO1","6091","Down"
"ENSG00000149633",242.57308409503,-1.47182281271658,0.174417579380156,-8.43850039627391,3.21434871622873e-17,1.40914910756332e-15,-1.43250142504461,"KIAA1755","85449","Down"
"ENSG00000135472",156.188279082006,-1.69844610449446,0.201644731447952,-8.4229629621286,3.6708054467305e-17,1.60481124309273e-15,-1.65309020063113,"FAIM2","23017","Down"
"ENSG00000155962",403.959357499069,-1.2593037255094,0.150638153082508,-8.35979265372197,6.28285828638266e-17,2.69464810949301e-15,-1.2263072520896,"CLIC2","1193","Down"
"ENSG00000025423",169.762985652598,-1.99747782614388,0.23944290456257,-8.34218842188288,7.29281273941146e-17,3.10258210790123e-15,-1.94006456993244,"HSD17B6","8630","Down"
"ENSG00000049246",196.592140847822,-2.21161995979182,0.265857533948995,-8.31881619806238,8.88462019663616e-17,3.76730961002332e-15,-2.14572418061763,"PER3","8863","Down"
"ENSG00000143344",1080.19008871057,-1.07901388838026,0.129711424811982,-8.31857247689862,8.90290530866121e-17,3.76730961002332e-15,-1.05136601630001,"RGL1","23179","Down"
"ENSG00000170214",201.750981401242,4.0578993278063,0.489278511780582,8.29363896043339,1.09835490043809e-16,4.6107598552608e-15,3.92937461437235,"ADRA1B","147","Up"
"ENSG00000157510",488.542272114556,1.71735763939103,0.207606669999982,8.27216986521281,1.3154270685748e-16,5.49286247685087e-15,1.66775535081942,"AFAP1L1","134265","Up"
"ENSG00000067082",3246.62929567202,1.0855143556671,0.131360848193771,8.26360647478352,1.41336018218597e-16,5.8862732219145e-15,1.05724370921456,"KLF6","1316","Up"
"ENSG00000149591",7804.31878318259,1.26396258537957,0.153062119649328,8.25784059619298,1.48331462079809e-16,6.1614008369424e-15,1.23008885985844,"TAGLN","6876","Up"
"ENSG00000113361",2201.65024355249,-1.22550362839348,0.148435963176234,-8.25610992221923,1.50497033199717e-16,6.23498965292858e-15,-1.19197912441632,"CDH6","1004","Down"
"ENSG00000130066",4103.02582448829,1.31350135501029,0.159665809403091,8.22656622554818,1.92656584726356e-16,7.91943664903719e-15,1.26941444488868,"SAT1","6303","Up"
"ENSG00000138166",402.702914221937,1.22826044492463,0.149614196986173,8.20951801143675,2.22078151880478e-16,9.05827018469188e-15,1.19532037940068,"DUSP5","1847","Up"
"ENSG00000151012",783.88921691907,-1.14529135339325,0.139789364041354,-8.19297921016677,2.54838206416068e-16,1.03677878013899e-14,-1.11571495887804,"SLC7A11","23657","Down"
"ENSG00000171793",688.89707180496,1.48169191915427,0.181225367285562,8.17596311900159,2.93511771683634e-16,1.18497890272071e-14,1.43654615023498,"CTPS1","1503","Up"
"ENSG00000141150",151.239953685248,1.55855358751843,0.190740506991364,8.17106765679819,3.0567214468108e-16,1.22780897505654e-14,1.51402800998052,NA,NA,"Up"
"ENSG00000106034",2431.33616912119,1.05203758465976,0.12878535146939,8.16892272806206,3.11155368699379e-16,1.24666958608516e-14,1.02513493096331,"CPED1","79974","Up"
"ENSG00000103647",545.743083753207,-1.33337856066979,0.16353073548202,-8.15368778682214,3.52991453510291e-16,1.40716441895564e-14,-1.2956655225621,"CORO2B","10391","Down"
"ENSG00000196155",243.026971326048,-1.41204504783016,0.173199102019434,-8.15272730266074,3.55807328764425e-16,1.41482582538336e-14,-1.3715150539115,"PLEKHG4","25894","Down"
"ENSG00000128165",58.9342517155642,-2.62312479642516,0.322138066486595,-8.14285882148086,3.86052314790974e-16,1.53124409370475e-14,-2.54242234656703,"ADM2","79924","Down"
"ENSG00000183801",1372.38262076824,-1.03849386170501,0.127782135015335,-8.12706613158703,4.39805460567749e-16,1.73143313904109e-14,-1.01253524287847,"OLFML1","283298","Down"
"ENSG00000129682",266.26787941264,-1.5577627151151,0.1921988502964,-8.10495334760216,5.27657599991944e-16,2.06700722214666e-14,-1.51161196167587,"FGF13","2258","Down"
"ENSG00000153904",3077.00084350527,1.24260176881066,0.15345410721988,8.09754649988072,5.60786716610014e-16,2.1913606363136e-14,1.2084382221245,"DDAH1","23576","Up"
"ENSG00000205208",589.612956400974,-1.36212374970864,0.168362083784626,-8.09044245051703,5.94483836436171e-16,2.31731556537903e-14,-1.32408304749701,"C4orf46","201725","Down"
"ENSG00000146006",46.9483600208489,-4.20840611194348,0.520640505759179,-8.08313234447046,6.31240553814463e-16,2.4545486497955e-14,-4.06984743086384,"LRRTM2","26045","Down"
"ENSG00000187193",37.4120460290083,3.15159617787676,0.39226852626324,8.03428255613302,9.41280502963249e-16,3.64222622002357e-14,3.05184051999222,"MT1X","4501","Up"
"ENSG00000171033",245.67425559141,-1.317523329406,0.164028261819675,-8.03229464721401,9.56662778639242e-16,3.69271832554747e-14,-1.28071293758953,"PKIA","5569","Down"
"ENSG00000245812",181.516168940592,1.66011335010259,0.207487622223741,8.00102354208117,1.23389192081702e-15,4.7282260384625e-14,1.60987562489102,"LINC02202","101927740","Up"
"ENSG00000177570",102.441568005606,-2.02798844674299,0.253645409575242,-7.99536821951197,1.29187188074376e-15,4.93844550353885e-14,-1.96403159109513,"SAMD12","401474","Down"
"ENSG00000138669",239.794640506726,-1.70558056210609,0.213526712743475,-7.98766833522663,1.37514813500049e-15,5.23151307320137e-14,-1.65201606765454,"PRKG2","5593","Down"
"ENSG00000104321",549.604257333815,-1.34781014742508,0.168767577249147,-7.9861912423815,1.39171729087342e-15,5.28185080224526e-14,-1.30862293247374,"TRPA1","8989","Down"
"ENSG00000154310",765.223453383136,-1.14609580315017,0.143669412925743,-7.97731249686765,1.49553845375584e-15,5.66229463376553e-14,-1.11446327637685,"TNIK","23043","Down"
"ENSG00000138615",841.561859117804,1.34411426230004,0.168512038249287,7.97636938146603,1.50700489999611e-15,5.69209058409034e-14,1.30498055494159,"CILP","8483","Up"
"ENSG00000083290",1524.76384491757,1.13419729258789,0.142706943493623,7.94773726366424,1.89948971908531e-15,7.10669605064872e-14,1.10388632094333,"ULK2","9706","Up"
"ENSG00000133816",1758.2649458257,1.05384050931409,0.132707755543194,7.94106195979692,2.00457502878105e-15,7.48217085035114e-14,1.02425245781812,"MICAL2","9645","Up"
"ENSG00000132622",65.7199615404259,-2.28332227896006,0.288040156105689,-7.92709707504206,2.24327929987747e-15,8.35344428232019e-14,-2.21060814457167,"HSPA12B","116835","Down"
"ENSG00000114670",184.790219036377,-1.26110547525956,0.159335375524815,-7.91478647541865,2.47677793406742e-15,9.20128816538755e-14,-1.22374341889512,"NEK11","79858","Down"
"ENSG00000164330",886.24177899982,1.10583190090669,0.139728445869784,7.91415015048004,2.48947709353352e-15,9.22680667031883e-14,1.07497721531387,"EBF1","1879","Up"
"ENSG00000155324",536.668058337058,1.22839759730146,0.155270101955851,7.91135950725876,2.54593146109257e-15,9.41399796804931e-14,1.19219866222858,"GRAMD2B","65983","Up"
"ENSG00000178723",34.5156576614655,3.53203037444164,0.446742565390701,7.90618724981509,2.6539188777294e-15,9.76765585091756e-14,3.41874682206041,"GLULP4","392305","Up"
"ENSG00000118523",11826.515320438,1.20417914917047,0.152512512352724,7.89560889525904,2.88901304193076e-15,1.06082413924817e-13,1.1687124704392,"CCN2","1490","Up"
"ENSG00000143878",3318.74045239225,1.20862106759992,0.15310031795479,7.8943080180723,2.91930383013055e-15,1.06946533369551e-13,1.17461705331852,"RHOB","388","Up"
"ENSG00000206190",291.324330963381,1.30954077883272,0.166131421578808,7.88255927980193,3.2074276428503e-15,1.16960253169928e-13,1.27119350400509,"ATP10A","57194","Up"
"ENSG00000196932",69.015915227628,-2.08871595764134,0.266331894531452,-7.8425303184808,4.41557070779282e-15,1.59545255756916e-13,-2.02151736972762,"TMEM26","219623","Down"
"ENSG00000162426",168.799458345104,1.28669343850659,0.164096925355181,7.84105756839497,4.46767544361832e-15,1.61060208589302e-13,1.24810302046904,"SLC45A1","50651","Up"
"ENSG00000101265",1650.21447518471,-1.05333499379105,0.134658821020062,-7.82225023070803,5.18873359483125e-15,1.86206117623128e-13,-1.02284866567381,"RASSF2","9770","Down"
"ENSG00000134294",20625.3026472056,1.2013456373155,0.153853303443618,7.80838376834562,5.79259793240572e-15,2.06938272862873e-13,1.16574691993164,"SLC38A2","54407","Up"
"ENSG00000089041",97.0020452487746,-1.9881317121638,0.254906347907218,-7.79945940337056,6.21729364034373e-15,2.21112110454112e-13,-1.92273596927847,"P2RX7","5027","Down"
"ENSG00000016391",92.3849548642712,-2.01161477304604,0.258477131794681,-7.78256381552527,7.10693336576714e-15,2.51620419343693e-13,-1.94589372002023,"CHDH","55349","Down"
"ENSG00000079691",1511.31219944027,1.14293204323713,0.146915138705564,7.77953894545684,7.27893355693372e-15,2.57134826946502e-13,1.10947631018594,"CARMIL1","55604","Up"
"ENSG00000176971",2622.29345092,1.23071129853814,0.158226377892318,7.77816767932152,7.35824994579564e-15,2.59357825483657e-13,1.19461323903565,"FIBIN","387758","Up"
"ENSG00000183570",195.980866768377,1.66880429808009,0.214713592133767,7.77223407934238,7.71137738494843e-15,2.71200574431542e-13,1.61555799305382,"PCBP3","54039","Up"
"ENSG00000128606",1140.49789335463,-2.41360025630672,0.310635549253536,-7.76987779443356,7.85618843384033e-15,2.75680794132942e-13,-2.33059572777686,"LRRC17","10234","Down"
"ENSG00000107821",485.355690129732,-1.03346441232722,0.133256815403768,-7.75543381549246,8.80419856062819e-15,3.06905829120048e-13,-1.00301788000592,"KAZALD1","81621","Down"
"ENSG00000168994",1329.75887300369,1.34967940815392,0.174041247927387,7.75493984458807,8.83853631974726e-15,3.07425661090814e-13,1.30663735721462,"PXDC1","221749","Up"
"ENSG00000189058",472.563268898979,1.05501130250088,0.136254915615712,7.74292287168849,9.7156983716601e-15,3.36456547986636e-13,1.0259705371942,"APOD","347","Up"
"ENSG00000072163",666.17191076849,1.3561801402495,0.175277166728685,7.73734631589957,1.0151327366488e-14,3.50774905899649e-13,1.31286097416114,"LIMS2","55679","Up"
"ENSG00000122966",289.594576423566,-1.55339476671211,0.200875591450587,-7.73311857102474,1.04943468007062e-14,3.61826564663361e-13,-1.50301652477306,"CIT","11113","Down"
"ENSG00000158716",159.151681342049,1.31628737800937,0.170247166903744,7.7316257412588,1.0618172436275e-14,3.64518865458759e-13,1.27122838455015,"DUSP23","54935","Up"
"ENSG00000068831",97.9255726495818,2.01534713832733,0.261182353801178,7.71624540860634,1.19806531199127e-14,4.09515801891445e-13,1.94738878105768,"RASGRP2","10235","Up"
"ENSG00000125398",567.957352411008,-1.32760417391123,0.172246408316967,-7.70758697892951,1.28218917570475e-14,4.363855031119e-13,-1.28453975723367,"SOX9","6662","Down"
"ENSG00000205213",388.838367318904,-1.09582931186497,0.14274044990309,-7.67707620796315,1.62760614174838e-14,5.50395188019443e-13,-1.06288117840773,"LGR4","55366","Down"
"ENSG00000164104",1066.61367933481,1.2371973380826,0.161753110916129,7.64867724073701,2.0305719343607e-14,6.80843886296451e-13,1.19847812567623,"HMGB2","3148","Up"
"ENSG00000077063",330.665391622192,-1.05261550638864,0.13775566683607,-7.64117753240057,2.15244028021024e-14,7.20180124198886e-13,-1.02113959806605,"CTTNBP2","83992","Down"
"ENSG00000107104",1278.43793720832,1.1626332853824,0.152724884392722,7.61259888986243,2.68638505465843e-14,8.93166594013116e-13,1.12678197871571,"KANK1","23189","Up"
"ENSG00000214944",629.301074107951,1.06541060416919,0.140012224207753,7.60941132245933,2.75347154873063e-14,9.11641019460481e-13,1.03474238625653,"ARHGEF28","64283","Up"
"ENSG00000150938",10991.9145167071,1.04639004858661,0.137722581532509,7.59781030055417,3.01183389130121e-14,9.88906289704004e-13,1.00906946139838,"CRIM1","51232","Up"
"ENSG00000085117",1913.23871012982,1.2150448957485,0.159964427656241,7.59571933304816,3.06087305901561e-14,1.00085489735498e-12,1.17703795402412,"CD82","3732","Up"
"ENSG00000112936",1961.45860094196,3.20038648482825,0.425792516845997,7.51630514442737,5.63459567139677e-14,1.81985941011276e-12,3.07633544081571,"C7","730","Up"
"ENSG00000273179",168.265002958153,-1.52522324191727,0.203587478259614,-7.49173404452859,6.79695463534866e-14,2.18191894643059e-12,-1.47274833486931,NA,NA,"Down"
"ENSG00000169271",82.9085859789953,2.25046247633641,0.300513849653412,7.48871467631826,6.95513532793208e-14,2.22367619595663e-12,2.17013667796179,"HSPB3","8988","Up"
"ENSG00000007237",428.11603412806,-1.40832612755695,0.188631963824254,-7.46599939376694,8.26697270380417e-14,2.6377643147259e-12,-1.36045983272143,"GAS7","8522","Down"
"ENSG00000166592",105.916534156911,-1.50027827237914,0.202122188510401,-7.42263025863653,1.14816975322616e-13,3.61251183191991e-12,-1.44824335353382,"RRAD","6236","Down"
"ENSG00000167645",624.931127836304,1.12492423566433,0.151638681010016,7.41845173125731,1.18497346641694e-13,3.71354259000287e-12,1.0880232206376,"YIF1B","90522","Up"
"ENSG00000136237",98.6066705007861,2.64681645891715,0.357221758312473,7.40944916519308,1.26825077622649e-13,3.94328816985469e-12,2.54555116062256,"RAPGEF5","9771","Up"
"ENSG00000075240",578.186415146855,-1.17442709297264,0.158695399561562,-7.40051127012695,1.35661155016203e-13,4.2015135798169e-12,-1.13567494379503,"GRAMD4","23151","Down"
"ENSG00000105889",230.974416846208,1.03452995760118,0.140024127062459,7.38822643857455,1.48800184957571e-13,4.59047120299905e-12,1.00196857980094,"STEAP1B","256227","Up"
"ENSG00000168398",5618.09486207938,-2.11179734841563,0.285844457050053,-7.38792478332312,1.49138062714319e-13,4.59194354186149e-12,-2.03319349383442,"BDKRB2","624","Down"
"ENSG00000196616",46395.3898189132,1.15067493942516,0.155910750483522,7.38034379192326,1.5788131580647e-13,4.84230562781628e-12,1.11282134271835,"ADH1B","125","Up"
"ENSG00000105516",84.7925111125774,-1.65611164546464,0.224698726041181,-7.37036508681013,1.70161391284462e-13,5.19643482056309e-12,-1.59698716051921,"DBP","1628","Down"
"ENSG00000205364",52.3184719387971,2.51306438428095,0.340977876766996,7.3701684347053,1.70412591423749e-13,5.19643482056309e-12,2.41890215417687,"MT1M","4499","Up"
"ENSG00000136960",465.563826488481,-1.07896659563388,0.146452483009098,-7.36734928261238,1.74054034374093e-13,5.29726759231615e-12,-1.04379980407017,"ENPP2","5168","Down"
"ENSG00000137266",141.745875221304,-1.37530793194532,0.187304061990387,-7.3426487249161,2.09407618987874e-13,6.31254281543255e-12,-1.32696140326542,"SLC22A23","63027","Down"
"ENSG00000164105",539.231810098618,1.22467837115381,0.166789493612541,7.34265896866855,2.09391586534419e-13,6.31254281543255e-12,1.18239771413873,"SAP30","8819","Up"
"ENSG00000253276",739.290555201505,1.14338642607984,0.1557268731042,7.34225508602341,2.10024615941103e-13,6.3191056499694e-12,1.10597653772121,"CCDC71L","168455","Up"
"ENSG00000119711",563.760359540017,1.20058610408026,0.163549768768642,7.3407997646185,2.12321259502936e-13,6.37608397133486e-12,1.15988712520044,"ALDH6A1","4329","Up"
"ENSG00000170485",287.871106975821,1.1431293100311,0.156846133933122,7.28822114620004,3.14074143941154e-13,9.37837245662774e-12,1.10506278545973,"NPAS2","4862","Up"
"ENSG00000241399",677.764492007679,1.56994427667468,0.215461077097093,7.28644030665094,3.18251702505032e-13,9.4852192916095e-12,1.51224059305424,"CD302","9936","Up"
"ENSG00000012048",221.650583103271,-1.2142295771595,0.167059980432603,-7.26822530455975,3.64240927187882e-13,1.0815153684194e-11,-1.17161522719438,"BRCA1","672","Down"
"ENSG00000175471",158.376255312837,1.80302874924966,0.248593656463153,7.25291535955549,4.07895002013773e-13,1.19987849477137e-11,1.7360400439299,"MCTP1","79772","Up"
"ENSG00000187758",693.896231530777,1.15403309419709,0.159187748010354,7.24950951703919,4.18283571609439e-13,1.22588070449833e-11,1.11493353306003,"ADH1A","124","Up"
"ENSG00000182010",118.646799853614,-1.88589132646298,0.26019497911854,-7.24799276623937,4.22993197907077e-13,1.23739193162244e-11,-1.81453223370723,"RTKN2","219790","Down"
"ENSG00000225783",69.9388416688261,-1.86492408040187,0.257822280926524,-7.23337049730529,4.71151727182577e-13,1.37572827202795e-11,-1.79671576226085,"MIAT","440823","Down"
"ENSG00000162643",89.2822072522594,-1.62335746820074,0.224557835577694,-7.22912858517948,4.86103014357168e-13,1.41163997502949e-11,-1.56320972461128,"DNAI3","126820","Down"
"ENSG00000213160",204.072985093228,1.53191365282531,0.212385642387345,7.21288706527265,5.47778449995421e-13,1.573346960005e-11,1.47377750159301,"KLHL23","151230","Up"
"ENSG00000103710",1057.17967590303,-1.07995503564829,0.149749788502313,-7.21172995600999,5.52454531449292e-13,1.58103895383662e-11,-1.04172647928963,"RASL12","51285","Down"
"ENSG00000159023",342.962881392257,-1.03748019039884,0.144103541615931,-7.19954678951587,6.04130233457853e-13,1.72269640985657e-11,-1.00267542388169,"EPB41","2035","Down"
"ENSG00000165030",1431.68740947836,1.11513977498533,0.154908496906523,7.19869985994532,6.07893943636704e-13,1.72720458743168e-11,1.07730726174496,"NFIL3","4783","Up"
"ENSG00000185338",222.733544214123,-1.21543720103645,0.168981937613306,-7.19270484291542,6.3520163142996e-13,1.80155932240332e-11,-1.17326645089187,"SOCS1","8651","Down"
"ENSG00000101255",284.857787845634,-1.11487397465172,0.155156406139886,-7.1854846498995,6.69691992668126e-13,1.89259740642246e-11,-1.07628465102297,"TRIB3","57761","Down"
"ENSG00000178031",1491.79014731128,-1.14370166382339,0.159462626925932,-7.17222389892412,7.37891291220124e-13,2.07791237986649e-11,-1.10316176897968,"ADAMTSL1","92949","Down"
"ENSG00000097096",201.836409816498,1.30134902264594,0.181505672760156,7.16974297748566,7.51386989625334e-13,2.11215817012621e-11,1.25428540804724,"SYDE2","84144","Up"
"ENSG00000049759",1215.78012750229,-1.12479206983281,0.156918001535254,-7.16802443842053,7.60877227750933e-13,2.13126424891792e-11,-1.0850067509528,"NEDD4L","23327","Down"
"ENSG00000141298",2052.19242616477,1.22901447609984,0.171655210959777,7.15978541652213,8.0803443325264e-13,2.25935564322549e-11,1.18495909321141,"SSH2","85464","Up"
"ENSG00000184564",43.3212723108137,-3.18837225647315,0.44542301989714,-7.15807696065963,8.18166222703123e-13,2.28365055388001e-11,-3.05733174566534,"SLITRK6","84189","Down"
"ENSG00000145506",157.673009551832,1.4379689011467,0.201211431562907,7.14655668406757,8.89816555637385e-13,2.47926704392909e-11,1.3848130551578,"NKD2","85409","Up"
"ENSG00000168646",316.987703816401,1.13663786962225,0.159160276323542,7.14146705369932,9.23400099707535e-13,2.55484789824676e-11,1.09742805055346,"AXIN2","8313","Up"
"ENSG00000135362",111.890414086026,1.53287012774439,0.21480587611249,7.13607167311221,9.60359480426612e-13,2.64324332821418e-11,1.47554059048122,"PRR5L","79899","Up"
"ENSG00000184307",101.32017497209,1.70370559408889,0.239960412373641,7.09994443348455,1.24807059541493e-12,3.39380846100286e-11,1.63880573656442,"ZDHHC23","254887","Up"
"ENSG00000127324",26.4181035948866,4.36608318505061,0.615243133207899,7.09651672548656,1.27940469898646e-12,3.47304610054197e-11,4.19203609036018,"TSPAN8","7103","Up"
"ENSG00000100739",134.868087673401,-1.88313428558715,0.266062620540628,-7.07778598046092,1.46475701383861e-12,3.96260589760851e-11,-1.80530614933756,"BDKRB1","623","Down"
"ENSG00000254851",471.357766803385,1.09578691239027,0.155084176040808,7.06575577447652,1.59744153195974e-12,4.31418254006738e-11,1.05466276023786,NA,NA,"Up"
"ENSG00000167549",1998.20443441901,2.25443798812807,0.320348582422498,7.03745267445811,1.95786000209839e-12,5.19884100557201e-11,2.16082186253335,"CORO6","84940","Up"
"ENSG00000162630",42.6925470750995,2.89064689630612,0.411492641905137,7.02478392547421,2.1439777694034e-12,5.66453959575596e-11,2.77183079012969,"B3GALT2","8707","Up"
"ENSG00000119714",54.9761184855923,-2.83524508590061,0.404307809479134,-7.01259045565612,2.33945508415323e-12,6.15020202023407e-11,-2.71159667556585,"GPR68","8111","Down"
"ENSG00000157617",963.067791423759,1.09099786380409,0.156037229640862,6.99190742052493,2.71173813164318e-12,7.10529266082531e-11,1.0513840319106,"C2CD2","25966","Up"
"ENSG00000167642",61.5822206750029,2.10076421453275,0.300488176238446,6.99117096995434,2.72601309982764e-12,7.11912265971489e-11,2.01450947202021,"SPINT2","10653","Up"
"ENSG00000166979",130.777742819472,1.34890135548935,0.193223929173854,6.98102642491899,2.93031184600166e-12,7.62748606493787e-11,1.29772308886622,"EVA1C","59271","Up"
"ENSG00000267339",26.3212299582592,-4.61507824186092,0.662033407373332,-6.97106549376654,3.14549482983955e-12,8.147397901316e-11,-4.42585037139643,"LINC00906","148145","Down"
"ENSG00000169908",954.246234593361,1.15938865135993,0.166428533607635,6.96628532516704,3.25418837201343e-12,8.41516097638637e-11,1.11613894329906,"TM4SF1","4071","Up"
"ENSG00000246763",155.863373122863,-1.55842830482453,0.223895725103994,-6.96050942509366,3.39044476766955e-12,8.71058098914582e-11,-1.49554826776341,"RGMB-AS1","503569","Down"
"ENSG00000186469",278.330392581181,-1.11125912074586,0.159684518361617,-6.95909116392447,3.42474853771468e-12,8.78445224600852e-11,-1.07075972765581,"GNG2","54331","Down"
"ENSG00000248144",821.538466884378,1.1002615262889,0.158245358532609,6.95288339886553,3.57894495955765e-12,9.15030418900798e-11,1.05773587678722,"ADH1C","126","Up"
"ENSG00000119514",286.844820228204,-1.13063733694458,0.162836257621228,-6.94340040394779,3.82772500271139e-12,9.7391601114004e-11,-1.08786324977005,"GALNT12","79695","Down"
"ENSG00000225415",567.438328006241,-1.44629043751432,0.208361488262016,-6.94125603333952,3.88628924700820e-12,9.87229753180608e-11,-1.3878972051075,NA,NA,"Down"
"ENSG00000077943",469.053658060824,1.17616077398234,0.170934705941716,6.88076050736812,5.95338670090652e-12,1.49315844577728e-10,1.13201512600981,"ITGA8","8516","Up"
"ENSG00000149256",650.351091214008,-1.38843279173279,0.201810690365432,-6.87987732076365,5.9904126250226e-12,1.50006756651278e-10,-1.33161094544432,"TENM4","26011","Down"
"ENSG00000105835",2643.95119860964,1.04678799093796,0.15217487126778,6.878849196435,6.03379913157052e-12,1.5061656948933e-10,1.00740421288002,"NAMPT","10135","Up"
"ENSG00000127589",307.943805137992,-1.16822366254755,0.169892548185444,-6.87625016532442,6.14485536874262e-12,1.52906416770001e-10,-1.12259062505717,NA,NA,"Down"
"ENSG00000177606",3156.69233936673,-1.21287292446586,0.176456896281241,-6.87347986973972,6.26543544629849e-12,1.55418152622445e-10,-1.16635831264795,"JUN","3725","Down"
"ENSG00000131979",85.1648501747506,1.59538125173275,0.232590595948176,6.85918209732014,6.92559130444187e-12,1.71190052779e-10,1.53054809111114,"GCH1","2643","Up"
"ENSG00000176928",260.398332536442,1.69850380129613,0.247665835383764,6.85804644255538,6.98085668901012e-12,1.72085728910084e-10,1.62637803191709,"GCNT4","51301","Up"
"ENSG00000112715",1878.36029862854,-1.26272741074479,0.184463942847314,-6.84538881286942,7.62684370677938e-12,1.86845864556487e-10,-1.21339002245115,"VEGFA","7422","Down"
"ENSG00000124249",96.8940060057851,-1.45507703991425,0.213646428759122,-6.81067803644309,9.71398133198222e-12,2.34707585587711e-10,-1.39490790403456,"KCNK15","60598","Down"
"ENSG00000154263",153.939466064023,-1.48982965851144,0.218937109504871,-6.80482930408969,1.01169119255448e-11,2.44070500203769e-10,-1.42735216859422,"ABCA10","10349","Down"
"ENSG00000166793",139.589324675414,-1.24601546673811,0.18311905619704,-6.80440087784951,1.01470623846649e-11,2.44425280517058e-10,-1.19680093221902,"YPEL4","219539","Down"
"ENSG00000143196",1713.57818119296,1.0462862189336,0.154036410343459,6.7924604098516,1.10237073369767e-11,2.64335139871202e-10,1.00793337018837,"DPT","1805","Up"
"ENSG00000116675",50.955744234947,2.21994352842502,0.327325910302443,6.78205867165795,1.18475337242702e-11,2.83231221631874e-10,2.12230865159212,"DNAJC6","9829","Up"
"ENSG00000102524",64.2161062113099,-1.71275153720419,0.252780660066098,-6.77564310796695,1.23854075601316e-11,2.95197981997955e-10,-1.64080773163768,"TNFSF13B","10673","Down"
"ENSG00000196850",521.601673435537,1.16772196722232,0.172627888618709,6.76438770447757,1.33874147183959e-11,3.18600338847119e-10,1.12084973042435,"PPTC7","160760","Up"
"ENSG00000129467",105.99997854351,-1.66943018594497,0.247538221810222,-6.74413096182316,1.53945638519367e-11,3.63633384359329e-10,-1.59666073188109,"ADCY4","196883","Down"
"ENSG00000138944",243.430819979636,-1.58967459800146,0.235877602989605,-6.73940458039807,1.59036996021635e-11,3.74541592118809e-10,-1.51990429817548,"SHISAL1","85352","Down"
"ENSG00000102984",90.5557071429721,-1.40633918984425,0.209064522768042,-6.72681893237615,1.73412308465021e-11,4.0597976239163e-10,-1.34753873313906,"ZNF821","55565","Down"
"ENSG00000175741",220.359459441708,1.12994290927142,0.168256547347484,6.71559548252143,1.87299731081003e-11,4.36554572030627e-10,1.0866300242423,NA,NA,"Up"
"ENSG00000171819",255.07745523442,5.077815526397,0.756629181577825,6.711101884556,1.93160173451591e-11,4.47577292100276e-10,4.82338280527942,"ANGPTL7","10218","Up"
"ENSG00000081320",1493.77619045303,1.06783661929749,0.159299181105,6.70334029271399,2.03708319001151e-11,4.71328633993014e-10,1.02655059566098,"STK17B","9262","Up"
"ENSG00000092969",201.123520550663,-1.50989086604386,0.226393553093131,-6.66931918075753,2.5699279330169e-11,5.88591598667517e-10,-1.44066356410884,"TGFB2","7042","Down"
"ENSG00000267669",85.781578035543,1.46990322919781,0.220656467956337,6.66150076094154,2.71045395789725e-11,6.18984766777515e-10,1.40732493178423,"RPLP0P12","390860","Up"
"ENSG00000143869",99.2063943217579,1.86769555413483,0.280431949559845,6.6600669326954,2.73702908270053e-11,6.24153058542054e-10,1.78276339421621,"GDF7","151449","Up"
"ENSG00000143786",77.9704798087797,-1.52390026520681,0.22922856690379,-6.64795093294983,2.97201340227322e-11,6.74821866633801e-10,-1.4575527056273,"CNIH3","149111","Down"
"ENSG00000102996",165.52703778265,1.26192278285041,0.190537571406208,6.6229603617657,3.52075457067745e-11,7.92595474189778e-10,1.20683110902072,"MMP15","4324","Up"
"ENSG00000131459",1023.7662240361,1.22439067643702,0.185446153849639,6.60240533987974,4.0453958663013e-11,9.05550706931886e-10,1.17137438960088,"GFPT2","9945","Up"
"ENSG00000185112",706.814122529243,1.13421589036979,0.171919998486771,6.59734702392441,4.18580223422005e-11,9.31708947380683e-10,1.0869161603144,"FAM43A","131583","Up"
"ENSG00000230018",41.5740519536195,2.33963726835837,0.356288411619914,6.56669482378304,5.14443266831747e-11,1.13234758565775e-09,2.22976772851306,"PPIAP39","111082963","Up"
"ENSG00000078053",359.148787547869,1.14482520930592,0.17454911015078,6.55875706451321,5.42581102599597e-11,1.1926234069085e-09,1.09669119240961,"AMPH","273","Up"
"ENSG00000064309",349.445644761808,-1.5932053736983,0.243396849802862,-6.54571073943115,5.92130934727394e-11,1.29793132589969e-09,-1.51743976006083,"CDON","50937","Down"
"ENSG00000137801",90670.9999367529,1.88353404532715,0.288102614286,6.53771938166919,6.24639821653845e-11,1.36729596369208e-09,1.79524147814914,"THBS1","7057","Up"
"ENSG00000272168",89.3278583349509,-1.76114397225006,0.270081877631901,-6.52077802365679,6.99436308533695e-11,1.52259683890705e-09,-1.67562541060146,"LOC105374971","105374971","Down"
"ENSG00000229644",748.094186828131,1.08168900059629,0.16664555987187,6.49095602323865,8.52933760501186e-11,1.83403936055595e-09,1.03510327894584,"NAMPTP1","646309","Up"
"ENSG00000149403",45.1636609456436,-2.18288198661797,0.337235974158945,-6.47286219111708,9.61636530234755e-11,2.05660266587773e-09,-2.07740769759242,"GRIK4","2900","Down"
"ENSG00000176293",145.476987791842,-1.15234383397704,0.178534916082574,-6.45444521028069,1.08616063948518e-10,2.31042718823824e-09,-1.10270943715905,"ZNF135","7694","Down"
"ENSG00000153207",1846.23197585445,1.22573553707171,0.190231183281829,6.44339963577775,1.16826536246934e-10,2.47509606779649e-09,1.17126377218194,"AHCTF1","25909","Up"
"ENSG00000163251",54.3143816181658,2.39318477497132,0.37342411970446,6.40875789401436,1.46709949254739e-10,3.08344177543891e-09,2.27195589311771,"FZD5","7855","Up"
"ENSG00000161381",490.768723319206,-1.32405870211049,0.207097229156265,-6.39341582456144,1.62220317106427e-10,3.40039568016731e-09,-1.26074375126198,"PLXDC1","57125","Down"
"ENSG00000226950",221.126285865625,1.12761613432816,0.176416600088949,6.3917802165988,1.63965464083118e-10,3.43243046902039e-09,1.07781077154715,"DANCR","57291","Up"
"ENSG00000137880",102.087618870638,1.32249880957426,0.207191026557015,6.38299269785378,1.73660190283406e-10,3.62959466575871e-09,1.26185447074645,"GCHFR","2644","Up"
"ENSG00000134762",302.122146868484,1.26219686780385,0.197762057297502,6.38240158426887,1.74332064977218e-10,3.63501878831286e-09,1.20498450382974,"DSC3","1825","Up"
"ENSG00000137872",289.472607810184,-1.37586310044946,0.215821876741782,-6.37499368099554,1.82970495606199e-10,3.80511309259358e-09,-1.30992606787781,"SEMA6D","80031","Down"
"ENSG00000254726",48.008646245847,-2.10082793912262,0.330077997562643,-6.36464094739885,1.95747097248229e-10,4.06547711423946e-09,-1.99651905233963,"MEX3A","92312","Down"
"ENSG00000011198",1160.90457750161,1.12107322625519,0.17706491744039,6.33142489467233,2.42907403652669e-10,4.99902804968418e-09,1.06964730326172,"ABHD5","51099","Up"
"ENSG00000079257",1735.75292590591,-1.08659096795987,0.171787658617938,-6.32519807710103,2.52907950883327e-10,5.19807952036304e-09,-1.0369875086685,"LXN","56925","Down"
"ENSG00000261468",33.2174432173556,2.47945633833459,0.393557557742097,6.30011110079966,2.97432373614367e-10,6.05034028897296e-09,2.35226997836081,NA,NA,"Up"
"ENSG00000157368",52.2186831415002,-2.27130206061601,0.360871721457739,-6.29393195853945,3.09523542867987e-10,6.28821513405489e-09,-2.1513522947678,"IL34","146433","Down"
"ENSG00000215386",101.708409544667,-1.36205149839906,0.216588073144754,-6.28867267999911,3.20191775038617e-10,6.48829069367624e-09,-1.29620688335486,"MIR99AHG","388815","Down"
"ENSG00000025708",144.847225043617,1.22756450689204,0.195427334232491,6.28143709636678,3.35457529082236e-10,6.7889397126029e-09,1.16934191817158,"TYMP","1890","Up"
"ENSG00000070193",115.842116343282,-1.26509269687388,0.201892493747168,-6.26617004621365,3.70036243340193e-10,7.46963467742589e-09,-1.2067532577988,"FGF10","2255","Down"
"ENSG00000040731",72.4866817894167,-1.90603850051495,0.3048232982962,-6.25292919264602,4.02824803667689e-10,8.07998142312401e-09,-1.80701309484587,"CDH10","1008","Down"
"ENSG00000128045",124.332958708256,4.69841952752811,0.751975040489618,6.24810568774852,4.15460528103783e-10,8.3228839465449e-09,4.4053397348454,"RASL11B","65997","Up"
"ENSG00000136383",68.8513535499531,2.78412100936074,0.446290237998772,6.23836412341244,4.42170455753335e-10,8.84676312610908e-09,2.62297357131758,"ALPK3","57538","Up"
"ENSG00000135744",659.468122254549,-1.15968275857386,0.186174995993301,-6.22899306314793,4.69442573413432e-10,9.38055324096083e-09,-1.10160098349436,"AGT","183","Down"
"ENSG00000226121",507.536256871247,1.24044451378055,0.199406304977039,6.22068852799506,4.9497791044393e-10,9.86589472378543e-09,1.18070780676526,NA,NA,"Up"
"ENSG00000154127",416.666126015704,1.05570297798369,0.170770181225349,6.18201005824652,6.32904921395481e-10,1.25361117471901e-08,1.00620476326609,"UBASH3B","84959","Up"
"ENSG00000134121",120.153493820264,1.39970573950536,0.226697335585545,6.17433696734901,6.64417009106124e-10,1.31274202073827e-08,1.33133338884323,"CHL1","10752","Up"
"ENSG00000143494",19.0141234177572,-3.95563499640502,0.641912172900947,-6.16226824072926,7.17102406939133e-10,1.41507016112453e-08,-3.74141774338531,"VASH2","79805","Down"
"ENSG00000105711",101.607831188324,-1.29356830428093,0.210048823265552,-6.15841728684932,7.34755424066067e-10,1.44629842553104e-08,-1.23188388428272,"SCN1B","6324","Down"
"ENSG00000169750",73.7592003234952,1.46851404036658,0.238954002293983,6.14559298554826,7.96653263876493e-10,1.5603755636274e-08,1.39474917935658,"RAC3","5881","Up"
"ENSG00000095637",44.3491960422346,1.89341770473708,0.308723911961147,6.1330451946831,8.62126428244318e-10,1.68236903247775e-08,1.7920671758098,"SORBS1","10580","Up"
"ENSG00000137331",136.554874773645,-1.30112373783541,0.212508095488716,-6.12270198386158,9.20016759988369e-10,1.78433642690881e-08,-1.23638280282041,"IER3","8870","Down"
"ENSG00000137959",102.337917943696,1.86277058712325,0.304906450473511,6.10931839661122,1.00057536847946e-09,1.93346834939633e-08,1.75870585951262,"IFI44L","10964","Up"
"ENSG00000170873",1488.92890041864,1.8350360521833,0.301375091033007,6.0888776371446,1.1370497892889e-09,2.1865066786496e-08,1.7349323224599,"MTSS1","9788","Up"
"ENSG00000165072",641.919294633623,2.68593685912939,0.441823345076127,6.07920991288181,1.20776165222666e-09,2.30845844301196e-08,2.52644272138162,"MAMDC2","256691","Up"
"ENSG00000235750",113.915965687074,2.34408173732092,0.386620725110586,6.06300072674696,1.33605061337575e-09,2.54444488655651e-08,2.20868357636241,"KIAA0040","9674","Up"
"ENSG00000124134",26.1418132524416,-2.94533810982334,0.48622539458083,-6.05755713841826,1.38204257748911e-09,2.62659019968186e-08,-2.77990533209734,"KCNS1","3787","Down"
"ENSG00000261685",48.5100493776054,2.27040285353778,0.375223288906363,6.05080473590849,1.44124054303893e-09,2.73490081944054e-08,2.14339289212123,NA,NA,"Up"
"ENSG00000147655",151.721448235974,-1.34459603448886,0.222664409128179,-6.03866616920726,1.55393351154502e-09,2.92420353789673e-08,-1.27571295667161,"RSPO2","340419","Down"
"ENSG00000168481",21.0206950614602,4.75144487300751,0.793514129574168,5.98785162849883,2.12630893635352e-09,3.93118752648724e-08,4.47543073169338,"LGI3","203190","Up"
"ENSG00000123689",42.2681161898124,-2.68015456182917,0.448963698035446,-5.96964648490926,2.37768203235391e-09,4.37040602137433e-08,-2.51662484634708,"G0S2","50486","Down"
"ENSG00000235109",71.5854594808433,-1.72701040991918,0.289443529113664,-5.96665752109797,2.42162949903077e-09,4.44087004074866e-08,-1.62964006039546,"ZSCAN31","64288","Down"
"ENSG00000160460",176.230867529701,-1.08199628455837,0.181640787286054,-5.95679142732633,2.57238197061511e-09,4.69015173582427e-08,-1.02751455694895,"SPTBN4","57731","Down"
"ENSG00000187288",22.4583989551185,3.60405458612444,0.605497833977719,5.95221714080824,2.64534075060326e-09,4.8176251690503e-08,3.39053526311338,"CIDEC","63924","Up"
"ENSG00000166473",146.712976098317,-1.49087457619463,0.251572380213583,-5.92622518787192,3.09977445133348e-09,5.58736110100269e-08,-1.40662005804215,"PKD1L2","114780","Down"
"ENSG00000131242",31.7988500690378,-2.19330218633177,0.370226735493289,-5.92421339698608,3.13795757838802e-09,5.64333143586008e-08,-2.06620191060394,"RAB11FIP4","84440","Down"
"ENSG00000269728",302.234316486061,1.09276420959943,0.187566398496915,5.82601264595587,5.67673163019338e-09,9.90517693268362e-08,1.03460215828861,NA,NA,"Up"
"ENSG00000158813",82.0285063206672,1.47760173218115,0.253849074462657,5.82078833775112,5.85707049370408e-09,1.01973594756172e-07,1.39368192755074,"EDA","1896","Up"
"ENSG00000204103",128.479114813893,-1.93620618668454,0.333182738285468,-5.8112439937558,6.20103063501705e-09,1.07137020556528e-07,-1.81358943391945,"MAFB","9935","Down"
"ENSG00000123610",323.526525073211,-2.57443367497703,0.443196527383965,-5.80878575509835,6.29275530863958e-09,1.08603212120534e-07,-2.40485051818263,"TNFAIP6","7130","Down"
"ENSG00000175538",105.316946010679,-1.20079630384255,0.206939919339008,-5.80263251130105,6.52817649702256e-09,1.12176896028099e-07,-1.13443216718148,"KCNE3","10008","Down"
"ENSG00000272341",64.7421301261839,-1.49019725095946,0.257365132343533,-5.79020645644545,7.02999587480576e-09,1.20407699907658e-07,-1.40346763554868,NA,NA,"Down"
"ENSG00000164761",7635.42416724464,-1.63579022693131,0.283097162667047,-5.77819364744101,7.55068751761751e-09,1.29186141247367e-07,-1.53571279292084,"TNFRSF11B","4982","Down"
"ENSG00000172738",50.9554931577041,-1.81470559520028,0.314523371023207,-5.769700322417,7.94126265060246e-09,1.35575429027437e-07,-1.70502971185678,"TMEM217","221468","Down"
"ENSG00000138678",118.229537553147,1.17107278013254,0.203732352586618,5.74809432701491,9.02548867166219e-09,1.52441177927135e-07,1.10633768155471,"GPAT3","84803","Up"
"ENSG00000028277",34.5319093743107,-2.09205804666451,0.364584760532562,-5.73819389381104,9.56915271179115e-09,1.60936674619348e-07,-1.96324396000442,"POU2F2","5452","Down"
"ENSG00000142871",5226.41627132991,1.73640755683217,0.303660500484394,5.71825296362972,1.07624840127854e-08,1.79669907158588e-07,1.62659411331331,"CCN1","3491","Up"
"ENSG00000235649",137.12268373326,-1.11833339616343,0.196067876441415,-5.70380735723218,1.17160483775729e-08,1.94898204791601e-07,-1.05570982140342,"MXRA5Y","286544","Down"
"ENSG00000169031",44.9181327230538,2.14172508976054,0.375609629968423,5.70199728356429,1.18411715829156e-08,1.96434362129164e-07,2.00279630473517,"COL4A3","1285","Up"
"ENSG00000168843",69.4442658784539,-1.68403868607573,0.296259361939412,-5.68433913801559,1.31319459438401e-08,2.16711341509087e-07,-1.57946158762811,"FSTL5","56884","Down"
"ENSG00000117600",39.3866946448047,-2.3741242544682,0.418250300893212,-5.67632408009758,1.37619943118464e-08,2.26400542598006e-07,-2.21534112785452,"PLPPR4","9890","Down"
"ENSG00000100206",36.3464681994329,1.92925075318401,0.340170656178439,5.67142026551521,1.41618510827625e-08,2.32495285514314e-07,1.8090328983846,"DMC1","11144","Up"
"ENSG00000162998",89.5367974914334,1.63305605190306,0.288268515077135,5.66505173645511,1.4698018218999e-08,2.40797967219335e-07,1.53196463629718,"FRZB","2487","Up"
"ENSG00000261490",64.3399565914956,1.42000560665319,0.250828737113589,5.66125565592643,1.50269358446704e-08,2.45932044134182e-07,1.33536769820146,NA,NA,"Up"
"ENSG00000196739",440.303617511421,-1.10944614572716,0.19642087129409,-5.64831088681021,1.62031963293819e-08,2.63006959085947e-07,-1.04508000925415,"COL27A1","85301","Down"
"ENSG00000155897",24.3674197871725,-4.03055809642333,0.717293669162974,-5.61911845831106,1.91934232282523e-08,3.09322928727414e-07,-3.7539613607077,"ADCY8","114","Down"
"ENSG00000148541",91.3935554859659,-1.44790435425218,0.257781235946094,-5.61679498873595,1.94532003553822e-08,3.12872305715731e-07,-1.35881082364898,"FAM13C","220965","Down"
"ENSG00000124225",142.955027288817,-1.07422386693553,0.191813549409959,-5.60035446004714,2.13913941502863e-08,3.4195980184084e-07,-1.01383220914355,"PMEPA1","56937","Down"
"ENSG00000109265",81.6842533258072,-1.28641760492182,0.22996071034167,-5.59407562713864,2.21800265470932e-08,3.53851915457961e-07,-1.20939796062724,"CRACD","57482","Down"
"ENSG00000163803",102.954344219385,1.41339666189613,0.252681116485942,5.59359829318613,2.22411215379716e-08,3.54469274380603e-07,1.32605293488974,"PLB1","151056","Up"
"ENSG00000159167",924.79853646081,1.96534256369587,0.351545134216375,5.59058388925446,2.2630731705502e-08,3.59953728614347e-07,1.83330813813134,"STC1","6781","Up"
"ENSG00000248869",58.2012215799876,-1.56062038882501,0.279407138217724,-5.58547071767694,2.33068058231015e-08,3.69592694345095e-07,-1.46760110568003,"LINC02511","105377441","Down"
"ENSG00000152495",69.2839155458862,-1.32753282633484,0.239280678131838,-5.54801514564164,2.88930853259195e-08,4.54534759809147e-07,-1.24603741593347,"CAMK4","814","Down"
"ENSG00000123358",180.843162251576,1.25088264714244,0.226123378901337,5.53185899317484,3.16854580226863e-08,4.95507963109717e-07,1.17327979594287,"NR4A1","3164","Up"
"ENSG00000054938",93.6084344315458,-1.51316451310988,0.274071116097293,-5.52106524268947,3.36950629410537e-08,5.24860301284563e-07,-1.41426665610956,"CHRDL2","25884","Down"
"ENSG00000186198",52.7424831612736,-1.6305762198511,0.295588874044856,-5.51636534061039,3.46082438731333e-08,5.3855463867867e-07,-1.52497882952647,"SLC51B","123264","Down"
"ENSG00000109625",41.6096460326174,-1.81699556700477,0.32986202739525,-5.50835020736593,3.62212267115841e-08,5.60897391328308e-07,-1.69557067915498,"CPZ","8532","Down"
"ENSG00000125965",244.94326694772,-1.29651860212454,0.23550543112069,-5.50525988277575,3.68624074509193e-08,5.68600838516811e-07,-1.21365379896875,"GDF5","8200","Down"
"ENSG00000231924",170.958359034646,-1.07670973877023,0.196260786843374,-5.4861175076685,4.10863644782255e-08,6.25825605613472e-07,-1.01250110990914,"PSG1","5669","Down"
"ENSG00000102385",111.25301438307,-1.08073079957221,0.197335917246767,-5.47660463766852,4.3356443711e-08,6.59751872799631e-07,-1.0149193446446,"DRP2","1821","Down"
"ENSG00000111816",89.043857194782,-1.15599671513822,0.211085476073306,-5.47643891300588,4.33970491333512e-08,6.59751872799631e-07,-1.08553533715394,"FRK","2444","Down"
"ENSG00000188312",77.1480163347885,-1.30087321218261,0.237728550483194,-5.47209499884857,4.44746298479399e-08,6.75485117057099e-07,-1.22104163797179,"CENPP","401541","Down"
"ENSG00000108960",1724.96815383825,1.68272833684908,0.308370510807144,5.4568393470719,4.84684505992275e-08,7.3332858430533e-07,1.56651586868298,"MMD","23531","Up"
"ENSG00000189007",170.168508392849,-1.09326132077176,0.200765941374436,-5.4454521184586,5.16739627445864e-08,7.78108595999833e-07,-1.02512847823728,"ADAT2","134637","Down"
"ENSG00000241644",684.438017627452,1.10276268141206,0.202827457507847,5.43694968601278,5.4200435176734e-08,8.10752445280711e-07,1.03444248599083,"INMT","11185","Up"
"ENSG00000206052",193.7785672253,-1.13157910439913,0.208604061358398,-5.42453055338641,5.81070507584742e-08,8.64287768142493e-07,-1.06080363847309,"DOK6","220164","Down"
"ENSG00000140511",146.683643240998,1.48641863839059,0.274188982673332,5.42114648042408,5.92180101652575e-08,8.79159689376515e-07,1.38424200823498,"HAPLN3","145864","Up"
"ENSG00000138356",4461.43082309411,1.55031443226393,0.286082805880535,5.41911083223691,5.98961790477336e-08,8.88394498228146e-07,1.44523041859352,"AOX1","316","Up"
"ENSG00000157168",58.0110433626641,-1.62061297902911,0.299752693820972,-5.4065001330631,6.42681796456074e-08,9.48794973014349e-07,-1.51098426152742,"NRG1","3084","Down"
"ENSG00000109881",67.2076726823875,-1.34207860036085,0.24849785142087,-5.4007654097895,6.63571551974131e-08,9.7599287932552e-07,-1.25398860043636,"CCDC34","91057","Down"
"ENSG00000168811",36.1642357431568,-2.07174077999961,0.383900872120902,-5.39655137680217,6.79339654047179e-08,9.96406799346678e-07,-1.92558517591686,"IL12A","3592","Down"
"ENSG00000164530",109.165602921485,-1.56644822781104,0.291341377486145,-5.37667612244861,7.58734780054744e-08,1.10061747288234e-06,-1.45818885405882,"PI16","221476","Down"
"ENSG00000122877",17.1030162538579,-3.07074038755997,0.571206506624166,-5.37588481914897,7.62074995232901e-08,1.1044504463879e-06,-2.84902756423384,"EGR2","1959","Down"
"ENSG00000213626",4681.98278468292,1.55180501915205,0.288740066637659,5.37440140269627,7.68375142228275e-08,1.11154524688343e-06,1.44642662059805,"LBH","81606","Up"
"ENSG00000162817",646.501536222189,1.14575627683447,0.21330932768953,5.37133696517064,7.81550096266453e-08,1.12854122477307e-06,1.06987974031344,"C1orf115","79762","Up"
"ENSG00000139354",124.519982470469,-1.13936693830878,0.212401320943246,-5.36421776121262,8.13007741270911e-08,1.16651500574374e-06,-1.06676103923474,"GAS2L3","283431","Down"
"ENSG00000182985",120.901348675528,-1.26691734173926,0.236571311963895,-5.35532956731719,8.54006121787409e-08,1.22423015248257e-06,-1.18298870517989,"CADM1","23705","Down"
"ENSG00000143028",99.8138161469965,1.21626426983856,0.228763021092891,5.31669963103297,1.05666282510405e-07,1.49711243241689e-06,1.13625090454355,"SYPL2","284612","Up"
"ENSG00000181634",26.9145392229251,-2.70628437881044,0.510039360847604,-5.30603044893051,1.12038250541524e-07,1.58060052419786e-06,-2.49497442313663,"TNFSF15","9966","Down"
"ENSG00000123685",42.4082278220509,1.86929672076165,0.352321551306839,5.30565534191142,1.1226891089991e-07,1.58216187346569e-06,1.73445572149673,"BATF3","55509","Up"
"ENSG00000161267",64.2114762447164,1.44957633651784,0.273682436875099,5.2965632470577,1.18002478849235e-07,1.65412509324003e-06,1.34814986540739,"BDH1","622","Up"
"ENSG00000153208",80.3953366549103,-1.23878631913995,0.234242565257805,-5.28847657459931,1.23339281022736e-07,1.72740483315559e-06,-1.15656718192503,"MERTK","10461","Down"
"ENSG00000260841",69.4376509511343,1.23129911012162,0.233735879342007,5.26790800619855,1.37987222280935e-07,1.91224674239761e-06,1.14890892910469,NA,NA,"Up"
"ENSG00000178015",23.0038613721114,2.50961255453907,0.476930501672487,5.26200892108689,1.42489851102973e-07,1.96775251619167e-06,2.32065901840524,"GPR150","285601","Up"
"ENSG00000006283",63.0858432395178,-1.46749927971203,0.279577905872695,-5.24898158576327,1.52942360927784e-07,2.10475287308097e-06,-1.36352597094581,"CACNA1G","8913","Down"
"ENSG00000254254",68.9759705358564,1.44087618796751,0.274736143936261,5.24458182794396,1.56637177685977e-07,2.15185761637003e-06,1.33788643832578,"PENK-AS1","101929415","Up"
"ENSG00000130600",108.643640643905,-1.32436427848961,0.252544402091792,-5.24408487188818,1.5705989553747e-07,2.15579350110668e-06,-1.23197687376894,"H19","283120","Down"
"ENSG00000077264",82.006259566159,-1.21414096530395,0.232204569507821,-5.22875569536567,1.70654692577446e-07,2.33429659873004e-06,-1.13162527554737,"PAK3","5063","Down"
"ENSG00000235513",28.1987336582881,-2.16118503670383,0.413355623995325,-5.22839151386089,1.70991119435413e-07,2.33687863228398e-06,-1.99677582726301,NA,NA,"Down"
"ENSG00000247311",17.5803040687895,2.66223345995692,0.509862797681981,5.22147030938595,1.77508092369164e-07,2.41551424749303e-06,2.45918552177973,NA,NA,"Up"
"ENSG00000057657",212.837886891099,1.20452519213532,0.231223043775859,5.20936483001647,1.89488194953734e-07,2.56530382663626e-06,1.11328106010176,"PRDM1","639","Up"
"ENSG00000145911",65.5960153057633,-1.37771086578748,0.264856348805036,-5.2017286804842,1.97443329614142e-07,2.66615881781008e-06,-1.27880805485499,"N4BP3","23138","Down"
"ENSG00000171877",91.3735334041907,-1.29238088227725,0.248776311093628,-5.19495154741987,2.04773166009005e-07,2.75807670234767e-06,-1.20083136880571,"FRMD5","84978","Down"
"ENSG00000167191",2748.90044726366,1.74509786304147,0.336780873454498,5.18170122056308,2.19871217439517e-07,2.94638601794902e-06,1.60924440368649,"GPRC5B","51704","Up"
"ENSG00000112218",58.6254448738722,1.40875688224478,0.272221015570972,5.1750482206158,2.27852126441268e-07,3.04559776440836e-06,1.30713284055873,"GPR63","81491","Up"
"ENSG00000070808",23.6482398017847,-2.31638774175949,0.449001673576557,-5.15897351408098,2.48307430712288e-07,3.3078395609871e-06,-2.13461249476075,"CAMK2A","815","Down"
"ENSG00000150594",41.7917480787721,-2.1089537486412,0.409967122864956,-5.14420213480361,2.68660145247602e-07,3.54909470675171e-06,-1.93875153915368,"ADRA2A","150","Down"
"ENSG00000165895",108.781406158258,-1.38626061098968,0.27021310826796,-5.13024930535561,2.89358690628715e-07,3.79088628964408e-06,-1.281591960518,"ARHGAP42","143872","Down"
"ENSG00000048540",60.1317818750316,1.3920572967849,0.271465344308382,5.12793741805781,2.92933778258885e-07,3.83138014440092e-06,1.29024195891132,"LMO3","55885","Up"
"ENSG00000160145",42.2480602500775,-1.63427274471607,0.32225105306928,-5.0714271657158,3.94843379678697e-07,5.03934784418956e-06,-1.50841694996626,"KALRN","8997","Down"
"ENSG00000135604",21.3614982385297,2.39130457452766,0.472180407861852,5.06438754067767,4.09715414763375e-07,5.20815755344993e-06,2.1983679474481,"STX11","8676","Up"
"ENSG00000164929",57.3514829282934,-1.37904325673568,0.274688569536098,-5.02038821296658,5.15671542279122e-07,6.46161348227188e-06,-1.2730949109333,"BAALC","79870","Down"
"ENSG00000171189",63.0154563201499,1.91923812169733,0.383216260418196,5.00823769743724,5.49306707696031e-07,6.85053424428478e-06,1.7536850007311,"GRIK1","2897","Up"
"ENSG00000167771",45.7217141797248,-1.46639651723324,0.292819273033052,-5.00785519356071,5.50399174498667e-07,6.85335746311243e-06,-1.35231949185032,"RCOR2","283248","Down"
"ENSG00000171385",119.626453016836,1.44672265356244,0.289167368546913,5.00306331531227,5.64263977891608e-07,6.99422890503357e-06,1.32775318853389,"KCND3","3752","Up"
"ENSG00000106483",439.054563785699,-1.1103466818205,0.22248484727164,-4.99066204029991,6.01726977565103e-07,7.42818342195423e-06,-1.02598101408848,"SFRP4","6424","Down"
"ENSG00000179300",68.2906364874011,3.61893296974177,0.72530225307011,4.98955153444415,6.05196278785242e-07,7.46518808110307e-06,3.24307473453274,"RTL3","203430","Up"
"ENSG00000072571",36.6753852814803,1.55626810077338,0.313915422350549,4.95760319489974,7.13681368945542e-07,8.68529497508148e-06,1.43120724834388,"HMMR","3161","Up"
"ENSG00000107611",41.1939073586906,-1.5421940021189,0.312392984775672,-4.93671137726202,7.94509175208186e-07,9.59107719820347e-06,-1.41645416780674,"CUBN","8029","Down"
"ENSG00000173947",78.2111738588458,-1.20904618253346,0.245433954386928,-4.92615695963317,8.38626407605763e-07,1.00928528720675e-05,-1.11498639650782,"CIMAP3","128344","Down"
"ENSG00000165105",33.7055159954174,-1.95413527061392,0.403166759698211,-4.84696524107464,1.25364381709248e-06,1.47073143434437e-05,-1.78130569945896,"RASEF","158158","Down"
"ENSG00000182836",24.8565347241962,3.16087624561955,0.653142174094684,4.83949187632971,1.30171511879884e-06,1.52373842234545e-05,2.83048705444226,"PLCXD3","345557","Up"
"ENSG00000244490",75.3230949250989,1.1513170657405,0.238889815206221,4.81944809889292,1.43955895683765e-06,1.66416800956265e-05,1.06002346116278,NA,NA,"Up"
"ENSG00000066468",28.7880205422915,-2.15680409320652,0.44959459267251,-4.79721982505595,1.60883010830487e-06,1.84235494168111e-05,-1.95914298638849,"FGFR2","2263","Down"
"ENSG00000243742",21.2753733917762,-2.16831872430355,0.455218500457815,-4.76324824699098,1.90501241102477e-06,2.14734518638732e-05,-1.96759596836133,NA,NA,"Down"
"ENSG00000211448",663.606948516401,1.68654526988128,0.354205274855924,4.76149111717012,1.92167758571644e-06,2.16458857448743e-05,1.52943729189336,"DIO2","1734","Up"
"ENSG00000115828",345.796928219559,1.1740364023653,0.247241154526649,4.74854764617577,2.04882623661348e-06,2.29962581706702e-05,1.07257075481502,"QPCT","25797","Up"
"ENSG00000267480",24.2909038055829,2.38128023082612,0.502749656459176,4.73651289510027,2.17426912748313e-06,2.4318009336783e-05,2.14898630681769,NA,NA,"Up"
"ENSG00000184985",66.928476349358,1.17905995256803,0.249732227514037,4.72129674373629,2.34345743488594e-06,2.59898790220777e-05,1.08171323990322,"SORCS2","57537","Up"
"ENSG00000095585",21.1657640117293,-2.55644487659803,0.541771726837874,-4.7186753201742,2.37385336560298e-06,2.63085457731322e-05,-2.30910698947943,"BLNK","29760","Down"
"ENSG00000129048",1445.68488643874,-1.45758190148574,0.309290755309132,-4.71265912887989,2.445050098493e-06,2.70596943068183e-05,-1.32217398962184,"ACKR4","51554","Down"
"ENSG00000015520",17.5557115046123,-2.81689989324416,0.598532454390274,-4.70634444729273,2.52198258054712e-06,2.78138650311768e-05,-2.54016404479824,"NPC1L1","29881","Down"
"ENSG00000198108",41.0416965720712,1.42875752871009,0.303878565400163,4.70173842906173,2.5795581718223e-06,2.83894907004588e-05,1.29852911058908,"CHSY3","337876","Up"
"ENSG00000253833",85.076828575031,1.14955622817805,0.245086452791811,4.69041113894019,2.72656623484784e-06,2.99241589685867e-05,1.05246531544594,"DSTNP3","100287016","Up"
"ENSG00000106003",16.4742683768145,-2.69530639661825,0.574697472067915,-4.68995693842156,2.7326255072062e-06,2.99698761448685e-05,-2.43053056098755,"LFNG","3955","Down"
"ENSG00000138135",37.9322990201575,-1.67363920224105,0.357237617101424,-4.68494671927531,2.80032769345952e-06,3.06911260918908e-05,-1.51622418194059,"CH25H","9023","Down"
"ENSG00000154736",3785.07429290187,2.28876136601575,0.488790298014434,4.68250162761652,2.83394936901764e-06,3.09524380359374e-05,2.03824827482999,"ADAMTS5","11096","Up"
"ENSG00000214274",62.1224233980528,1.1209264859596,0.239651855131409,4.6773119504748,2.90659914970316e-06,3.17021627451428e-05,1.02716831770463,"ANG","283","Up"
"ENSG00000187634",62.0946073479936,-1.63136459179382,0.34934187281706,-4.66982265434901,3.01459870043041e-06,3.27897175484617e-05,-1.47269110220608,"SAMD11","148398","Down"
"ENSG00000259583",70.0223117341233,-1.09980380887024,0.235672892502691,-4.66665384037616,3.06144448907374e-06,3.32535487193418e-05,-1.00765049442961,"ALDH1A3-AS1","101927751","Down"
"ENSG00000180672",133.429085870772,1.27564107432957,0.274228161726738,4.65175081325424,3.29128646844054e-06,3.55791664272815e-05,1.15818095132203,NA,NA,"Up"
"ENSG00000109674",48.0358491900197,-1.42888944752418,0.307185893718515,-4.6515464308186,3.29455074914692e-06,3.5590143451194e-05,-1.29778986198751,"NEIL3","55247","Down"
"ENSG00000123405",13.5730960061424,-2.77616561197247,0.601553699557047,-4.61499216780929,3.93110140813677e-06,4.19511873804265e-05,-2.49937267074395,"NFE2","4778","Down"
"ENSG00000173083",49.799033929282,1.353407926921,0.294019184024616,4.60312796054727,4.16192336545485e-06,4.41465141968422e-05,1.22926126637005,"HPSE","10855","Up"
"ENSG00000261425",22.8619491124376,-1.973314928658,0.429571321883382,-4.59368404763694,4.3548858086479e-06,4.61623729455202e-05,-1.7783815869094,NA,NA,"Down"
"ENSG00000258016",41.5801735573864,1.40574820319273,0.30632230000465,4.58911480872071,4.45129571615663e-06,4.70268397889818e-05,1.27492388820104,NA,NA,"Up"
"ENSG00000179862",55.2497536622771,1.40889839423947,0.307507807492574,4.58166706636706,4.61283872407334e-06,4.86037188063813e-05,1.27394092778233,"CITED4","163732","Up"
"ENSG00000163017",1160.31017685737,1.62615221720642,0.35516620600292,4.57856685045381,4.68172543522375e-06,4.9260492064264e-05,1.46409876594248,"ACTG2","72","Up"
"ENSG00000105088",53.4031207355846,-1.39450082092773,0.304683425442933,-4.57688441338901,4.71952051594108e-06,4.95865857775108e-05,-1.26333966759843,"OLFM2","93145","Down"
"ENSG00000174680",14.3978998045903,3.01911025524222,0.659726112034298,4.57630856224964,4.73252371858658e-06,4.96334793706767e-05,2.69429932070492,NA,NA,"Up"
"ENSG00000130032",46.3466277636804,-2.11137236935147,0.461572263990674,-4.57430511767953,4.77803108369063e-06,5.00444208672984e-05,-1.89302888367787,"PRRG3","79057","Down"
"ENSG00000240859",51.4543750464871,1.24923461042293,0.273156580234942,4.57332790353598,4.80037986507562e-06,5.02452458628881e-05,1.13538567698453,"LINC03014","100507642","Up"
"ENSG00000021645",36.0115488555043,1.90571953755288,0.417109775248231,4.56886807895775,4.90365294109636e-06,5.11907727214981e-05,1.7078074058397,"NRXN3","9369","Up"
"ENSG00000165891",40.0812202078824,-1.58255384876009,0.348791168780616,-4.53725320595916,5.69916641331053e-06,5.87972670515336e-05,-1.42438611759239,"E2F7","144455","Down"
"ENSG00000101447",161.628346860311,1.21903054013908,0.268836359068854,4.53447050228374,5.77481714718537e-06,5.95001667782264e-05,1.10125974382432,"FAM83D","81610","Up"
"ENSG00000128262",161.818631701745,1.28926047620595,0.285423901763875,4.51700249431994,6.27211669115488e-06,6.42891960843375e-05,1.1533518112279,NA,NA,"Up"
"ENSG00000172399",18.9629435912332,2.43009763750285,0.538275903284296,4.5145948809441,6.34379161518273e-06,6.49817774122213e-05,2.1726546489857,"MYOZ2","51778","Up"
"ENSG00000165125",29.9030692920574,1.69383393389588,0.375221914950009,4.51421909650868,6.35504922670203e-06,6.50156409294864e-05,1.52419995423211,"TRPV6","55503","Up"
"ENSG00000102760",1137.22259538077,2.84479926410886,0.630400996999526,4.51268205102633,6.40129477133309e-06,6.5401479051722e-05,2.48899513745722,"RGCC","28984","Up"
"ENSG00000100302",35.9518229862477,-2.00543763719867,0.445350315635092,-4.50305650808581,6.69830641983912e-06,6.79970477231392e-05,-1.78174618392685,"RASD2","23551","Down"
"ENSG00000145423",53.8828421979411,-1.46677107008258,0.325984946227018,-4.49950553563634,6.81117062836831e-06,6.90541872931178e-05,-1.32303461410439,"SFRP2","6423","Down"
"ENSG00000179388",47.8747227086603,-1.74030666182606,0.390900501909287,-4.45204509415011,8.50562973921652e-06,8.45540805608296e-05,-1.54755819533909,"EGR3","1960","Down"
"ENSG00000173110",13.4988082695557,-2.65123000689626,0.595969152570186,-4.4486027430489,8.64307032188155e-06,8.55442344678533e-05,-2.36358005843246,"HSPA6","3310","Down"
"ENSG00000230417",33.5258219039983,-1.65154537034161,0.371743442755443,-4.44270209072148,8.8836127834639e-06,8.76509076752492e-05,-1.47727852565053,"LINC00595","414243","Down"
"ENSG00000183696",109.667167151442,-1.17067811509402,0.264405519188467,-4.42758577312289,9.52936825534178e-06,9.34397658048569e-05,-1.05488387329209,"UPP1","7378","Down"
"ENSG00000144362",62.4492636867838,1.36729933963601,0.31044015790321,4.40438939624012,1.06082246529903e-05,0.000102934250986036,1.22480839514255,"PHOSPHO2","493911","Up"
"ENSG00000166510",129.85787657571,1.15286207923511,0.262345160397472,4.39444767148912,1.11054749909873e-05,0.000107429857706214,1.03843283416835,"CCDC68","80323","Up"
"ENSG00000267528",18.387961407367,-2.19352368812549,0.49926885531955,-4.39347190347283,1.11554612533802e-05,0.000107781642122097,-1.9519921887332,NA,NA,"Down"
"ENSG00000165899",27.890746174031,1.83312640365749,0.417702127860686,4.3885972356571,1.14084125512429e-05,0.000109823319364946,1.63310540747544,"OTOGL","283310","Up"
"ENSG00000133401",90.9214558409766,1.15544049456294,0.264744628324282,4.36435859672159,1.27496287332708e-05,0.000121992517734428,1.03973476402221,"PDZD2","23037","Up"
"ENSG00000064692",42.3020487259674,-1.51211298053542,0.346992916046286,-4.35776325858398,1.31398401601308e-05,0.000125422865123179,-1.35027017589711,"SNCAIP","9627","Down"
"ENSG00000041353",60.0480171282465,-1.55624480644221,0.35836937751533,-4.3425719497354,1.40824344286253e-05,0.000133374390944,-1.38542291310864,"RAB27B","5874","Down"
"ENSG00000169302",37.5436303099392,-1.54115720522879,0.354962592843425,-4.34174540163054,1.41355277725644e-05,0.000133797166584094,-1.37390098994295,"STK32A","202374","Down"
"ENSG00000179242",58.3879905196569,1.30714397326368,0.302938151605446,4.31488726770254,1.59684370105946e-05,0.000149536381141817,1.16863848853593,"CDH4","1002","Up"
"ENSG00000116106",293.011955519669,1.12012366497366,0.259977768912244,4.30853634008901,1.64338477430779e-05,0.000153440751847758,1.0020357291876,"EPHA4","2043","Up"
"ENSG00000132326",92.8075866743364,-1.24563747043243,0.29018475093292,-4.29256694718728,1.76619272112327e-05,0.000163843880448399,-1.10992992790948,"PER2","8864","Down"
"ENSG00000108387",19.0922170453687,2.00385791986435,0.467628396128224,4.28515020998615,1.82615761304024e-05,0.000168911574424166,1.77209859968199,"SEPTIN4","5414","Up"
"ENSG00000188916",53.1861519353029,1.99467598933745,0.470638806601996,4.23823101995981,2.2528788432062e-05,0.000204908394095295,1.72760052629666,"INSYN2A","642938","Up"
"ENSG00000100292",2404.70910883937,-1.27226379621445,0.301769709410028,-4.21600895166642,2.48663893463737e-05,0.000223726820804838,-1.12428338004282,"HMOX1","3162","Down"
"ENSG00000102575",34.6758324786651,-1.44492045621476,0.343397163287586,-4.20772391472748,2.57955751899461e-05,0.000230774885786369,-1.28030113695441,"ACP5","54","Down"
"ENSG00000004799",915.184370935033,2.64079603254479,0.628775417048591,4.19990343283525,2.67028842705361e-05,0.000238084420543946,2.24651028640872,"PDK4","5166","Up"
"ENSG00000140600",11.2334377544159,-2.92711396952628,0.699586314139221,-4.18406408239681,2.86343335200779e-05,0.000253165900719974,-2.56291731837153,"SH3GL3","6457","Down"
"ENSG00000067798",705.928596242403,2.0903553790609,0.500384169347643,4.17750102243667,2.94729339578255e-05,0.00025999924906162,1.8050127760898,"NAV3","89795","Up"
"ENSG00000185585",1449.51100291164,-1.56318870061864,0.374226807991616,-4.17711576839697,2.95228785519207e-05,0.000260149819578339,-1.36579978754869,"OLFML2A","169611","Down"
"ENSG00000145569",20.5580625574034,2.22876358661511,0.534579509061857,4.16919008086637,3.05683974284198e-05,0.000268019644156328,1.94640622010177,"OTULINL","54491","Up"
"ENSG00000108924",56.3452482465083,1.28193726995982,0.308301748666707,4.15806032727266,3.20961272312341e-05,0.000280327433532843,1.13593746994879,"HLF","3131","Up"
"ENSG00000184408",51.0643822409216,-1.53018726742046,0.368439723870244,-4.15315496208374,3.27922510960113e-05,0.000285776523042663,-1.34419972137665,"KCND2","3751","Down"
"ENSG00000174808",48.4210631254672,1.29624686554367,0.31232038453439,4.15037547893687,3.31930309166944e-05,0.000288950994107594,1.14829473037419,"BTC","685","Up"
"ENSG00000121621",31.8627117165465,-1.61342476790399,0.388778167745305,-4.14998809542458,3.32492566637489e-05,0.000289281328180588,-1.41482492183855,"KIF18A","81930","Down"
"ENSG00000171509",35.3129790507974,-1.77480086894821,0.428543967373131,-4.14146739674647,3.45090931789463e-05,0.000299583603208999,-1.54356149751552,"RXFP1","59350","Down"
"ENSG00000135917",50.6941393440083,1.30493157605067,0.315809154578427,4.13202580461173,3.59580040896011e-05,0.000310752429667324,1.15208932903052,"SLC19A3","80704","Up"
"ENSG00000168918",16.192772951366,-2.1252918262004,0.516077475527891,-4.11816428148982,3.81902416476565e-05,0.000326141510246355,-1.85416373233256,"INPP5D","3635","Down"
"ENSG00000163485",45.8914811034664,-1.58554974306973,0.385461356129466,-4.11338184193277,3.8990465282087e-05,0.000332290308860694,-1.38035342166563,"ADORA1","134","Down"
"ENSG00000099849",42.8583705808419,1.22638102560244,0.300742169772433,4.07784856553513,4.54543550192155e-05,0.000380614085996881,1.08354660211503,"RASSF7","8045","Up"
"ENSG00000165495",15.4029272758098,-2.25350180773203,0.555766474557035,-4.05476384578278,5.01849769066735e-05,0.000415173781769479,-1.95051294871341,"PKNOX2","63876","Down"
"ENSG00000164509",48.8009398022714,-1.23398590878183,0.30499316721082,-4.04594607828987,5.21122284065268e-05,0.000429322293993594,-1.08729022381219,"IL31RA","133396","Down"
"ENSG00000142149",38.497948993484,-1.4483694891987,0.358603925265547,-4.03891142052108,5.36998380308507e-05,0.000441482408662984,-1.26774628906813,"HUNK","30811","Down"
"ENSG00000162595",62.0871022915514,-1.19126361303705,0.295012555398185,-4.03800987869543,5.39065835524579e-05,0.000442952020405607,-1.05021126888876,"DIRAS3","9077","Down"
"ENSG00000256340",38.0859971014148,-1.28453350916103,0.319112337184772,-4.02533327446147,5.68946793256379e-05,0.000465090493289021,-1.12756873745964,NA,NA,"Down"
"ENSG00000084710",10.4259989082737,-2.79993724110424,0.696878838609951,-4.01782503065987,5.87377844492035e-05,0.000478920235287529,-2.4181793350296,"EFR3B","22979","Down"
"ENSG00000178662",38.0026294813732,-1.26425581289629,0.316596084376671,-3.99327684480183,6.51664079034444e-05,0.000527801213653998,-1.10815107788986,"CSRNP3","80034","Down"
"ENSG00000164122",19.1750888629054,2.09056346491975,0.524441012991304,3.98626997723844,6.71201357368032e-05,0.000542237502894664,1.79509395035264,"ASB5","140458","Up"
"ENSG00000165244",42.8891969366027,1.18902048693828,0.299584568621501,3.96889763851788,7.22058883740351e-05,0.000577720115979514,1.04421596847804,"ZNF367","195828","Up"
"ENSG00000185052",35.7740252126598,1.55241396098852,0.391520200630383,3.96509288279121,7.33673728499114e-05,0.000586227861111482,1.34358572746643,"SLC24A3","57419","Up"
"ENSG00000137869",63.3222268718355,1.2044601577661,0.305389186275181,3.94401705069146,8.0127957192298e-05,0.000633735657433937,1.05041631431492,"CYP19A1","1588","Up"
"ENSG00000039537",22.9751445666971,1.85549892040968,0.472045407364059,3.9307636330389,8.46764875033855e-05,0.000666711488173423,1.59190422675553,"C6","729","Up"
"ENSG00000171227",14.6763866689767,-2.23107297989932,0.568181317986414,-3.92669190146211,8.6122184160529e-05,0.000677420321334261,-1.91504491848221,"TMEM37","140738","Down"
"ENSG00000134259",45.2498213811119,-1.29443891668819,0.330630137112911,-3.91506632756269,9.03793586254828e-05,0.000708441668948435,-1.12298446435764,"NGF","4803","Down"
"ENSG00000164106",26.3253243347734,1.52525469777333,0.390293545501513,3.90796802907267,9.30756189164079e-05,0.00072633863164254,1.3186675294149,"SCRG1","11341","Up"
"ENSG00000176387",16.9866549948771,-2.5920100651916,0.665095071023378,-3.89720233710842,9.73103147230686e-05,0.000756401297056623,-2.15155165547362,"HSD11B2","3291","Down"
"ENSG00000197210",18.1328424696446,1.9504402930796,0.501769571007451,3.88712350404891,0.000101439149373657,0.000783492424591261,1.66764557494185,NA,NA,"Up"
"ENSG00000138379",135.628101008557,1.20866078050495,0.312490562079009,3.86783131133208,0.000109807581371326,0.000841964526541963,1.0430395100143,"MSTN","2660","Up"
"ENSG00000223764",25.9640372893507,-1.81692361036631,0.46980967531812,-3.86736098854504,0.00011001950655504,0.000843180973724004,-1.54207001221005,"LINC02593","100130417","Down"
"ENSG00000139269",16.8509968375902,-1.83640286707446,0.476289513594746,-3.85564412958497,0.000115425299974511,0.000881196718474007,-1.57042443970872,"INHBE","83729","Down"
"ENSG00000206172",11.1658253839315,-2.47807161726887,0.643161002947073,-3.85295688935418,0.000116699943583429,0.000889640321363851,-2.10738920788135,"HBA1","3039","Down"
"ENSG00000132321",25.043329154385,-1.5077465138309,0.392447558504856,-3.84190570473952,0.00012208273988173,0.000923115834385217,-1.29540300692858,"IQCA1","79781","Down"
"ENSG00000073756",71.8031456343594,-1.37473012547986,0.358086005363171,-3.83910598261333,0.000123483123232181,0.000931923656782306,-1.16980623935863,"PTGS2","5743","Down"
"ENSG00000141431",30.0681997057738,-1.49000432019811,0.389061190707402,-3.82974286766803,0.000128277226476901,0.000962596200200773,-1.27663585431159,"ASXL3","80816","Down"
"ENSG00000139055",17.5171476870939,1.95294777280707,0.511226789886049,3.82012017258012,0.000133386669118502,0.000998098073507996,1.66142505220625,"ERP27","121506","Up"
"ENSG00000261589",78.5499113815573,1.19797601852346,0.31671704794244,3.7824803757996,0.00015527333825501,0.00114562044346098,1.0280649193396,NA,NA,"Up"
"ENSG00000223949",17.3991732567754,-1.85076286908528,0.489607400807426,-3.78009577884879,0.000156768041115979,0.00115500931053339,-1.56650525566945,"ROR1-AS1","101927034","Down"
"ENSG00000174944",21.3897524787639,1.60705011004712,0.425545365746323,3.77644838695088,0.000159080505254104,0.00117098050053556,1.36711919271038,"P2RY14","9934","Up"
"ENSG00000240764",29.3367894153928,-1.31653764061805,0.350431284521416,-3.756906699743,0.000172026596189664,0.00125924741503128,-1.13091122032454,"PCDHGC5","56097","Down"
"ENSG00000108688",14.177783528299,-3.24467471641262,0.866597725241095,-3.74415328116621,0.000181003133709707,0.00131643179875451,-2.52434400782732,"CCL7","6354","Down"
"ENSG00000154856",1453.82394267472,1.59560425698032,0.426438755216778,3.74169616963919,0.000182782417526122,0.00132632486921981,1.33456300953109,"APCDD1","147495","Up"
"ENSG00000171617",712.35763775952,-1.27859634812497,0.342262310957832,-3.73572054880006,0.000187178444340144,0.00135350101485153,-1.08640557487763,"ENC1","8507","Down"
"ENSG00000108231",21.6188024403392,-1.96871056927741,0.527776481712887,-3.73019760730529,0.00019132965171097,0.00137714177457392,-1.64066367353568,"LGI1","9211","Down"
"ENSG00000135678",857.441808006291,1.36989816013245,0.369531213539646,3.70712435090542,0.00020962602653211,0.00149708551258898,1.15503751907069,"CPM","1368","Up"
"ENSG00000213763",32.5910695596712,1.28274523622363,0.346151643821523,3.705732037156,0.000210781057213564,0.00150397701147965,1.09380941715821,NA,NA,"Up"
"ENSG00000123572",108.145763171121,1.2022300783204,0.32453764290019,3.70443954536929,0.000211858624970778,0.00151098449697501,1.01845720671339,"NRK","203447","Up"
"ENSG00000196196",27.9926255748987,1.51540023987099,0.409237304226376,3.70298656603585,0.000213076169325937,0.00151761631672019,1.27771535560266,"HRCT1","646962","Up"
"ENSG00000074660",29.0409053347646,1.2972178135534,0.350451222045037,3.70156453153042,0.00021427414293937,0.00152477634269715,1.10695642773124,"SCARF1","8578","Up"
"ENSG00000197943",21.5612519849669,1.63092512390746,0.440783703176938,3.70005767489272,0.000215550473869418,0.00153316934807075,1.37234925104079,"PLCG2","5336","Up"
"ENSG00000260455",11.7198006295513,-2.47765182948424,0.670956014626356,-3.6927187110231,0.000221869386737322,0.00157457619484523,-2.05678565201722,NA,NA,"Down"
"ENSG00000091428",36.2564920286995,-1.17073016743002,0.317150786337046,-3.69139922669417,0.000223023758339184,0.00158135035818814,-1.0032036277433,"RAPGEF4","11069","Down"
"ENSG00000259426",29.0592735449272,1.72861241161816,0.473374922530463,3.65167719991952,0.000260533236506343,0.00182039690991143,1.42092157397646,"KIF23-AS1","145694","Up"
"ENSG00000116690",24.9484836973514,1.88024855777213,0.519697657046256,3.61796620069191,0.00029692716096749,0.00203956998674978,1.53402496960004,"PRG4","10216","Up"
"ENSG00000235927",33.2352194862633,1.18189632750871,0.326919963508155,3.61524672530201,0.000300061710534441,0.00205752886954855,1.00445497867017,"NEXN-AS1","374987","Up"
"ENSG00000177453",58.6321658521431,-1.40099909399632,0.388294519899902,-3.60808361229894,0.000308467088149247,0.00210785843568652,-1.15535108486408,"NIM1K","167359","Down"
"ENSG00000198691",38.7059649602475,1.30173015020167,0.364444415179071,3.57182082091191,0.000354507929965165,0.00238134231732967,1.08693575405632,"ABCA4","24","Up"
"ENSG00000145242",26.3990299841386,-1.44638760956326,0.407758810155827,-3.54716458244156,0.000389401246549639,0.00259097597687976,-1.19952232345942,"EPHA5","2044","Down"
"ENSG00000183831",17.9739341560986,-2.00099696965904,0.564676208824436,-3.54361833983547,0.000394676139073921,0.00261892854380875,-1.61281565689603,"ANKRD45","339416","Down"
"ENSG00000128594",19.0629193703323,-1.67782240725311,0.474089628483249,-3.53904052409024,0.000401584199473902,0.00265696970772324,-1.38048343603623,"LRRC4","64101","Down"
"ENSG00000130592",20.0040854671316,-1.84389008715568,0.521171695602343,-3.53797050514152,0.00040321509651413,0.00266330639291846,-1.50024808487314,"LSP1","4046","Down"
"ENSG00000126860",22.3825487615225,-1.47844797229683,0.419795256757244,-3.52183105573243,0.000428577175185502,0.00280971929349037,-1.22242192828621,"EVI2A","2123","Down"
"ENSG00000272796",17.6817871941944,-1.66161560607161,0.474024462840026,-3.50533724803222,0.000456029222428135,0.0029712303310612,-1.36498285879595,NA,NA,"Down"
"ENSG00000123612",20.5715655324141,-1.46636897660929,0.418888169497078,-3.50062160592844,0.000464174408009144,0.00301315604490339,-1.21210651978282,"ACVR1C","130399","Down"
"ENSG00000254842",11.46474695578,2.66971823627055,0.764029495681296,3.4942606945952,0.000475376574776125,0.00307701827092309,2.08514903653337,NA,NA,"Up"
"ENSG00000227268",22.4670990363201,-1.56736198042106,0.450989038190172,-3.47538819726288,0.000510114578129256,0.00328173711929821,-1.27662869514377,"KLLN","100144748","Down"
"ENSG00000119703",28.8682952034924,-1.24202424387184,0.358702318086445,-3.46254869636085,0.000535085077384416,0.00343261306635013,-1.0312011819137,"ZC2HC1C","79696","Down"
"ENSG00000064201",17.0193332164227,-1.62478706026115,0.472068992910818,-3.44184236766447,0.000577766823895985,0.00367070965675546,-1.32360552974036,"TSPAN32","10077","Down"
"ENSG00000172497",23.0227895141737,-1.65364410494814,0.482899719013558,-3.42440477771682,0.000616147728646829,0.00388337473260243,-1.32334598802732,"ACOT12","134526","Down"
"ENSG00000144648",25.4374565882338,1.78197777241146,0.520418234890111,3.42412631407454,0.000616779453663363,0.00388580877136799,1.41368922191773,"ACKR2","1238","Up"
"ENSG00000137960",19.7045409149668,1.53927698602746,0.450672494822306,3.41551127195899,0.000636623945323039,0.00399528785414544,1.25523014091159,"GIPC2","54810","Up"
"ENSG00000197594",666.005801247294,1.28642600075042,0.378975662727906,3.39448182896652,0.000687586027726412,0.00427237395948104,1.04256970240292,"ENPP1","5167","Up"
"ENSG00000158125",23.2062947572971,1.38995716410306,0.410505663985107,3.38596342522936,0.000709288363431781,0.00438998734441586,1.13073962789505,"XDH","7498","Up"
"ENSG00000103257",404.713445668498,-1.26978199737169,0.376183539575395,-3.37543210637265,0.000736998741279869,0.00452960857456125,-1.02488840525792,"SLC7A5","8140","Down"
"ENSG00000166292",38.5660202943524,1.33093720517171,0.394680745384364,3.37218681361199,0.000745738467912472,0.00457444069503209,1.07533530616326,"TMEM100","55273","Up"
"ENSG00000125657",13.347771040527,-1.85667449630796,0.551636386215796,-3.36575784828966,0.00076333686948694,0.00466085517838223,-1.47855614856636,"TNFSF9","8744","Down"
"ENSG00000167311",26.9707857710759,-1.32965823265128,0.399004630702639,-3.33243809804858,0.000860886195457142,0.00516270743816019,-1.07740299672612,"ART5","116969","Down"
"ENSG00000177272",41.6278795517753,-1.33005000222471,0.400107106538588,-3.32423488733118,0.000886614864757911,0.00530694661484822,-1.05705547189101,"KCNA3","3738","Down"
"ENSG00000272327",19.7894988029075,-1.59479654847107,0.479869387058856,-3.32339713988771,0.000889282117934246,0.00531888843477981,-1.27374593525464,NA,NA,"Down"
"ENSG00000224124",46.337800908088,1.33544033725024,0.401867247363616,3.32308827358084,0.000890267373871071,0.00532276972379432,1.05960154155193,NA,NA,"Up"
"ENSG00000166762",15.0708254856542,-1.68609253193381,0.507852052017914,-3.32004670500837,0.000900023894664463,0.00537501062526784,-1.34234556301625,"CATSPER2","117155","Down"
"ENSG00000160223",16.5804959385751,-1.62621946819588,0.490170643659817,-3.31765985831761,0.000907749543953081,0.00541297825267576,-1.29683373537039,"ICOSLG","23308","Down"
"ENSG00000057294",15.126676082719,1.96618627982096,0.594613606777591,3.30666210360771,0.000944147045201187,0.00559418612405615,1.5397895048535,"PKP2","5318","Up"
"ENSG00000168062",31.1519921603396,-1.39226696692858,0.421184142080362,-3.30560158331635,0.000947727429487264,0.00560910033622492,-1.10404854649633,"BATF2","116071","Down"
"ENSG00000259886",15.986168761542,1.60487689372543,0.486530303071626,3.29861651698426,0.000971625469793404,0.00573125034847201,1.27779533372973,NA,NA,"Up"
"ENSG00000160097",14.6892872275093,-1.7038559091686,0.517896313576966,-3.28995566197516,0.00100203170666672,0.00588865718147329,-1.34126143554133,"FNDC5","252995","Down"
"ENSG00000260396",17.3002121220798,1.57886270955894,0.482253537734566,3.27392665064897,0.00106064139061475,0.00619606864514342,1.24579132871021,NA,NA,"Up"
"ENSG00000110203",19.123898033489,-1.42921288476278,0.436616426460765,-3.27338322185459,0.00106268291980677,0.00619904898225652,-1.13970144937879,"FOLR3","2352","Down"
"ENSG00000155849",22.6039495215085,1.41204171911539,0.435572433139955,3.24180689979909,0.0011877447106767,0.00684781340297611,1.12182704212561,"ELMO1","9844","Up"
"ENSG00000159200",2863.31736958056,1.42716445958067,0.442418227215281,3.22582654101684,0.0012560945804334,0.00719209581401555,1.09454372485076,"RCAN1","1827","Up"
"ENSG00000196668",20.8646757275993,-1.38046849521521,0.434889745696428,-3.17429534468454,0.00150200770725385,0.00836410062455997,-1.08091694696261,"LINC00173","100287569","Down"
"ENSG00000213420",15.9080768179817,-1.50963234589164,0.478468355804278,-3.15513518831154,0.00160423752536519,0.00884314283400539,-1.169513468889,"GPC2","221914","Down"
"ENSG00000270093",11.0808971885556,-1.99269239891926,0.634365283779904,-3.14123810030347,0.0016823520005301,0.00920003550808204,-1.49611062746509,NA,NA,"Down"
"ENSG00000004846",18.0588175917484,-1.70108114142011,0.543407452872726,-3.13039714937168,0.00174570117087699,0.00947791724564253,-1.27310919526055,"ABCB5","340273","Down"
"ENSG00000084674",202.45563767177,1.64249774048939,0.525686770269698,3.1244798868473,0.00178119698668926,0.00963644484717269,1.19762796240082,"APOB","338","Up"
"ENSG00000124466",19.9828272016845,-1.36272585573791,0.437344174502533,-3.1159117582576,0.00183377137057934,0.00990148949532193,-1.054068670287,"LYPD3","27076","Down"
"ENSG00000261827",11.5744381912743,-1.92670471134546,0.623074815640176,-3.09225258826402,0.00198643744616242,0.0105921020966868,-1.41630722286972,NA,NA,"Down"
"ENSG00000159713",14.1541487060377,-1.55557008149422,0.50531137301399,-3.07843869061532,0.00208088342004398,0.0110251559342348,-1.17984746765811,"TPPP3","51673","Down"
"ENSG00000180139",22.2656078262654,1.41364626594309,0.464389573372401,3.04409561928185,0.00233380949669337,0.0121736549422114,1.05849427888871,"ACTA2-AS1","100132116","Up"
"ENSG00000184545",18.7064602670156,-1.6654493271632,0.547906717899393,-3.039658527182,0.00236846518446989,0.0123138403447505,-1.20804372302299,"DUSP8","1850","Down"
"ENSG00000178734",14.4236699479536,-1.60730854686707,0.530001774712793,-3.03264748073357,0.00242418607860258,0.0125622687884625,-1.18889991031323,"LMO7DN","729420","Down"
"ENSG00000114115",20.0587588316195,-1.56634858668585,0.519325132090714,-3.01612321433395,0.00256029197571487,0.0131536456441041,-1.13886319949703,"RBP1","5947","Down"
"ENSG00000172348",545.550063437666,-1.54333661480796,0.518138528181884,-2.97861774576662,0.00289551755072879,0.0145992336474508,-1.06652812600687,"RCAN2","10231","Down"
"ENSG00000270605",13.9453742761202,-1.54655554512773,0.52083059686273,-2.9694022479546,0.00298379728452929,0.0149767129162577,-1.13343931402174,NA,NA,"Down"
"ENSG00000130222",12.6447732609651,-1.87774098320163,0.633790782292447,-2.96271425155438,0.0030493950757977,0.0152575802938901,-1.32350042477145,"GADD45G","10912","Down"
"ENSG00000156453",14.7813125235399,-1.84238006398691,0.625157523870668,-2.94706532935859,0.00320805419892776,0.0158956373676364,-1.27272531704457,"PCDH1","5097","Down"
"ENSG00000213402",14.3706026211872,1.51501950746288,0.51508105663599,2.94132251214503,0.00326814071366546,0.0161629984170218,1.10234433132521,"PTPRCAP","5790","Up"
"ENSG00000055813",22.0661117884271,-1.38293718809383,0.471723768310464,-2.93166738883434,0.00337147620844769,0.0165962620450679,-1.00911840192252,"CCDC85A","114800","Down"
"ENSG00000117594",767.042668196643,1.56382125428396,0.535950307587682,2.9178474797836,0.00352456701516086,0.0172319424102366,1.03234669704105,"HSD11B1","3290","Up"
"ENSG00000162894",22.4674796809366,1.51821708574138,0.520416852669793,2.91730961046471,0.00353065119591304,0.0172510298939549,1.08399722269325,"FCMR","9214","Up"
"ENSG00000168079",407.17663623553,1.59408944671751,0.552891596485913,2.88318624636235,0.00393674604406997,0.0188911288336723,1.0410239161116,"SCARA5","286133","Up"
"ENSG00000102468",11.2225942502694,-1.936514805241,0.679593885579447,-2.849517699221,0.00437855694941595,0.0207036278104144,-1.27250804972703,"HTR2A","3356","Down"
"ENSG00000147041",11.1520571144765,-2.02409502697368,0.713242074747344,-2.83787945024231,0.00454143310464323,0.0213145671156832,-1.29980611254398,"SYTL5","94122","Down"
"ENSG00000111490",15.9528234393913,-1.62460396203227,0.573528999376317,-2.83264484236881,0.00461646461625408,0.0216282323910116,-1.07047483757859,"TBC1D30","23329","Down"
"ENSG00000198944",13.8930346744654,-1.51459537523318,0.53817152564474,-2.81433577040082,0.00488781454120166,0.0226514064213931,-1.03933020004447,"SOWAHA","134548","Down"
"ENSG00000185972",13.4832908102761,-1.43936378382613,0.513841929488433,-2.80118009298914,0.00509160955836948,0.023444810262076,-1.00337874018861,"CCIN","881","Down"
"ENSG00000211574",10.9671281322175,-1.64458786254687,0.589706454484384,-2.78882459237254,0.00528997074931583,0.0242312813541743,-1.10666365045229,"MIR770","768222","Down"
"ENSG00000269959",11.0199661314154,-1.76980044951638,0.657464467289986,-2.69185718402601,0.00710553656094718,0.0308632584693896,-1.01335659924894,"SPACA6-AS1","102238594","Down"
